"12st -- Total energy consumption by energy source, 2010Q1-2025Q2*"

"Quarter","Energy source","Quantity (TJ)","Quantity (GWh)","Share of total energy consumption (%)","Quantity, quarter-on-quarter change (%)","Quantity, year-on-year change (%)","Cumulative quantity from beginning of the year (TJ)","Cumulative quantity from beginning of the year (GWh)","Cumulative quantity from beginning of the year, year-on-year change (%)"
"2010Q1","SSS TOTAL ENERGY CONSUMPTION",433836,120510,100.0,..,..,433836,120510,..
"2010Q1","1 Renewable energy",113970,31658,26.3,..,..,113970,31658,..
"2010Q1","1.1 Hydro power",10581,2939,2.4,..,..,10581,2939,..
"2010Q1","1.2 Wind power",253,70,0.1,..,..,253,70,..
"2010Q1","1.3 Wood fuels",93900,26083,21.6,..,..,93900,26083,..
"2010Q1","1.4 Other renewable energy",9235,2565,2.1,..,..,9235,2565,..
"2010Q1","2 Fossil fuels and peat",246203,68390,56.8,..,..,246203,68390,..
"2010Q1","2.1 Oil (fossil)",90909,25252,21.0,..,..,90909,25252,..
"2010Q1","2.2 Coal",68337,18982,15.8,..,..,68337,18982,..
"2010Q1","2.3 Natural gas",50755,14099,11.7,..,..,50755,14099,..
"2010Q1","2.4 Peat",34613,9615,8.0,..,..,34613,9615,..
"2010Q1","2.5 Other fossil fuels",1589,441,0.4,..,..,1589,441,..
"2010Q1","3 Nuclear energy",64042,17790,14.8,..,..,64042,17790,..
"2010Q1","4 Net imports of electricity",7494,2082,1.7,..,..,7494,2082,..
"2010Q1","5 Others",2127,591,0.5,..,..,2127,591,..
"2010Q2","SSS TOTAL ENERGY CONSUMPTION",317157,88099,100.0,-26.9,..,750993,208609,..
"2010Q2","1 Renewable energy",94279,26189,29.7,-17.3,..,208249,57847,..
"2010Q2","1.1 Hydro power",13573,3770,4.3,28.3,..,24155,6710,..
"2010Q2","1.2 Wind power",205,57,0.1,-18.9,..,458,127,..
"2010Q2","1.3 Wood fuels",75125,20868,23.7,-20.0,..,169025,46951,..
"2010Q2","1.4 Other renewable energy",5376,1493,1.7,-41.8,..,14611,4059,..
"2010Q2","2 Fossil fuels and peat",158664,44073,50.0,-35.6,..,404867,112463,..
"2010Q2","2.1 Oil (fossil)",79231,22009,25.0,-12.9,..,170140,47261,..
"2010Q2","2.2 Coal",32587,9052,10.3,-52.3,..,100924,28034,..
"2010Q2","2.3 Natural gas",26121,7256,8.2,-48.5,..,76876,21355,..
"2010Q2","2.4 Peat",19135,5315,6.0,-44.7,..,53748,14930,..
"2010Q2","2.5 Other fossil fuels",1589,441,0.5,0.0,..,3178,883,..
"2010Q2","3 Nuclear energy",54215,15060,17.1,-15.3,..,118257,32849,..
"2010Q2","4 Net imports of electricity",7873,2187,2.5,5.1,..,15367,4269,..
"2010Q2","5 Others",2127,591,0.7,0.0,..,4253,1181,..
"2010Q3","SSS TOTAL ENERGY CONSUMPTION",304322,84534,100.0,-4.1,..,1055315,293143,..
"2010Q3","1 Renewable energy",81397,22610,26.8,-13.7,..,289646,80457,..
"2010Q3","1.1 Hydro power",10333,2870,3.4,-23.9,..,34488,9580,..
"2010Q3","1.2 Wind power",231,64,0.1,12.3,..,689,191,..
"2010Q3","1.3 Wood fuels",66159,18378,21.7,-11.9,..,235184,65329,..
"2010Q3","1.4 Other renewable energy",4674,1298,1.5,-13.0,..,19285,5357,..
"2010Q3","2 Fossil fuels and peat",150606,41835,49.5,-5.1,..,555473,154298,..
"2010Q3","2.1 Oil (fossil)",82478,22911,27.1,4.1,..,252618,70172,..
"2010Q3","2.2 Coal",26939,7483,8.9,-17.3,..,127863,35517,..
"2010Q3","2.3 Natural gas",25376,7049,8.3,-2.9,..,102252,28403,..
"2010Q3","2.4 Peat",14224,3951,4.7,-25.7,..,67972,18881,..
"2010Q3","2.5 Other fossil fuels",1589,441,0.5,0.0,..,4767,1324,..
"2010Q3","3 Nuclear energy",56565,15712,18.6,4.3,..,174822,48562,..
"2010Q3","4 Net imports of electricity",13627,3785,4.5,73.1,..,28994,8054,..
"2010Q3","5 Others",2127,591,0.7,0.0,..,6380,1772,..
"2010Q4","SSS TOTAL ENERGY CONSUMPTION",414581,115161,100.0,36.2,..,1469896,408304,..
"2010Q4","1 Renewable energy",106170,29492,25.6,30.4,..,395816,109949,..
"2010Q4","1.1 Hydro power",11387,3163,2.8,10.2,..,45875,12743,..
"2010Q4","1.2 Wind power",371,103,0.1,60.8,..,1060,294,..
"2010Q4","1.3 Wood fuels",86054,23904,20.8,30.1,..,321238,89233,..
"2010Q4","1.4 Other renewable energy",8358,2322,2.0,78.8,..,27644,7679,..
"2010Q4","2 Fossil fuels and peat",233510,64864,56.3,55.1,..,788983,219162,..
"2010Q4","2.1 Oil (fossil)",97198,26999,23.4,17.9,..,349816,97171,..
"2010Q4","2.2 Coal",58441,16234,14.1,116.9,..,186304,51751,..
"2010Q4","2.3 Natural gas",46428,12897,11.2,83.0,..,148680,41300,..
"2010Q4","2.4 Peat",29854,8293,7.2,109.9,..,97826,27174,..
"2010Q4","2.5 Other fossil fuels",1589,441,0.4,0.0,..,6357,1766,..
"2010Q4","3 Nuclear energy",63967,17769,15.4,13.1,..,238789,66330,..
"2010Q4","4 Net imports of electricity",8808,2447,2.1,-35.4,..,37802,10501,..
"2010Q4","5 Others",2127,591,0.5,0.0,..,8506,2363,..
"2011Q1","SSS TOTAL ENERGY CONSUMPTION",428152,118931,100.0,3.3,-1.3,428152,118931,-1.3
"2011Q1","1 Renewable energy",112693,31304,26.3,6.1,-1.1,112693,31304,-1.1
"2011Q1","1.1 Hydro power",9299,2583,2.2,-18.3,-12.1,9299,2583,-12.1
"2011Q1","1.2 Wind power",461,128,0.1,24.3,82.0,461,128,82.0
"2011Q1","1.3 Wood fuels",92166,25602,21.5,7.1,-1.9,92166,25602,-1.9
"2011Q1","1.4 Other renewable energy",10767,2991,2.5,28.8,16.6,10767,2991,16.6
"2011Q1","2 Fossil fuels and peat",242188,67274,56.6,3.7,-1.6,242188,67274,-1.6
"2011Q1","2.1 Oil (fossil)",85294,23693,19.9,-12.3,-6.2,85294,23693,-6.2
"2011Q1","2.2 Coal",66668,18519,15.6,14.1,-2.4,66668,18519,-2.4
"2011Q1","2.3 Natural gas",50560,14044,11.8,8.9,-0.4,50560,14044,-0.4
"2011Q1","2.4 Peat",38012,10559,8.9,27.3,9.8,38012,10559,9.8
"2011Q1","2.5 Other fossil fuels",1654,459,0.4,4.1,4.1,1654,459,4.1
"2011Q1","3 Nuclear energy",64056,17793,15.0,0.1,0.0,64056,17793,0.0
"2011Q1","4 Net imports of electricity",7256,2016,1.7,-17.6,-3.2,7256,2016,-3.2
"2011Q1","5 Others",1959,544,0.5,-7.9,-7.9,1959,544,-7.9
"2011Q2","SSS TOTAL ENERGY CONSUMPTION",317023,88062,100.0,-26.0,0.0,745175,206993,-0.8
"2011Q2","1 Renewable energy",93163,25879,29.4,-17.3,-1.2,205856,57182,-1.2
"2011Q2","1.1 Hydro power",10846,3013,3.4,16.6,-20.1,20145,5596,-16.6
"2011Q2","1.2 Wind power",368,102,0.1,-20.1,79.3,829,230,80.8
"2011Q2","1.3 Wood fuels",75173,20881,23.7,-18.4,0.1,167338,46483,-1.0
"2011Q2","1.4 Other renewable energy",6776,1882,2.1,-37.1,26.1,17544,4873,20.1
"2011Q2","2 Fossil fuels and peat",156682,43523,49.4,-35.3,-1.3,398870,110797,-1.5
"2011Q2","2.1 Oil (fossil)",78537,21816,24.8,-7.9,-0.9,163831,45509,-3.7
"2011Q2","2.2 Coal",29437,8177,9.3,-55.9,-9.7,96106,26696,-4.8
"2011Q2","2.3 Natural gas",29086,8079,9.2,-42.5,11.4,79646,22124,3.6
"2011Q2","2.4 Peat",17968,4991,5.7,-52.7,-6.1,55981,15550,4.2
"2011Q2","2.5 Other fossil fuels",1654,459,0.5,0.0,4.1,3307,919,4.1
"2011Q2","3 Nuclear energy",55144,15318,17.4,-13.9,1.7,119200,33111,0.8
"2011Q2","4 Net imports of electricity",10075,2799,3.2,38.9,28.0,17331,4814,12.8
"2011Q2","5 Others",1959,544,0.6,0.0,-7.9,3919,1088,-7.9
"2011Q3","SSS TOTAL ENERGY CONSUMPTION",294482,81801,100.0,-7.1,-3.2,1039658,288794,-1.5
"2011Q3","1 Renewable energy",85049,23625,28.9,-8.7,4.5,290905,80807,0.4
"2011Q3","1.1 Hydro power",9924,2757,3.4,-8.5,-4.0,30069,8353,-12.8
"2011Q3","1.2 Wind power",317,88,0.1,-14.0,37.3,1145,318,66.3
"2011Q3","1.3 Wood fuels",68934,19148,23.4,-8.3,4.2,236272,65631,0.5
"2011Q3","1.4 Other renewable energy",5874,1632,2.0,-13.3,25.7,23418,6505,21.4
"2011Q3","2 Fossil fuels and peat",130770,36325,44.4,-16.5,-13.2,529640,147122,-4.7
"2011Q3","2.1 Oil (fossil)",81876,22743,27.8,4.3,-0.7,245707,68252,-2.7
"2011Q3","2.2 Coal",15773,4381,5.4,-46.4,-41.5,111879,31077,-12.5
"2011Q3","2.3 Natural gas",21400,5945,7.3,-26.4,-15.7,101046,28068,-1.2
"2011Q3","2.4 Peat",10068,2797,3.4,-44.0,-29.2,66048,18347,-2.8
"2011Q3","2.5 Other fossil fuels",1654,459,0.6,0.0,4.1,4961,1378,4.1
"2011Q3","3 Nuclear energy",57685,16024,19.6,4.6,2.0,176885,49135,1.2
"2011Q3","4 Net imports of electricity",19019,5283,6.5,88.8,39.6,36350,10097,25.4
"2011Q3","5 Others",1959,544,0.7,0.0,-7.9,5878,1633,-7.9
"2011Q4","SSS TOTAL ENERGY CONSUMPTION",354438,98455,100.0,20.4,-14.5,1394096,387249,-5.2
"2011Q4","1 Renewable energy",103448,28736,29.2,21.6,-2.6,394353,109543,-0.4
"2011Q4","1.1 Hydro power",14133,3926,4.0,42.4,24.1,44202,12278,-3.7
"2011Q4","1.2 Wind power",588,163,0.2,85.6,58.6,1733,481,63.6
"2011Q4","1.3 Wood fuels",80162,22267,22.6,16.3,-6.9,316434,87898,-1.5
"2011Q4","1.4 Other renewable energy",8566,2380,2.4,45.8,2.5,31984,8885,15.7
"2011Q4","2 Fossil fuels and peat",169506,47085,47.8,29.6,-27.4,699146,194207,-11.4
"2011Q4","2.1 Oil (fossil)",85970,23881,24.3,5.0,-11.6,331677,92132,-5.2
"2011Q4","2.2 Coal",33305,9251,9.4,111.2,-43.0,145183,40329,-22.1
"2011Q4","2.3 Natural gas",28986,8052,8.2,35.5,-37.6,130032,36120,-12.5
"2011Q4","2.4 Peat",19591,5442,5.5,94.6,-34.4,85640,23789,-12.5
"2011Q4","2.5 Other fossil fuels",1654,459,0.5,0.0,4.1,6614,1837,4.1
"2011Q4","3 Nuclear energy",66011,18337,18.6,14.4,3.2,242897,67471,1.7
"2011Q4","4 Net imports of electricity",13513,3754,3.8,-29.0,53.4,49863,13851,31.9
"2011Q4","5 Others",1959,544,0.6,0.0,-7.9,7837,2177,-7.9
"2012Q1","SSS TOTAL ENERGY CONSUMPTION",403085,111968,100.0,13.7,-5.9,403085,111968,-5.9
"2012Q1","1 Renewable energy",120609,33503,29.9,16.6,7.0,120609,33503,7.0
"2012Q1","1.1 Hydro power",13429,3730,3.3,-5.0,44.4,13429,3730,44.4
"2012Q1","1.2 Wind power",484,135,0.1,-17.6,5.1,484,135,5.1
"2012Q1","1.3 Wood fuels",94067,26130,23.3,17.4,2.1,94067,26130,2.1
"2012Q1","1.4 Other renewable energy",12629,3508,3.1,47.4,17.3,12629,3508,17.3
"2012Q1","2 Fossil fuels and peat",197913,54976,49.1,16.8,-18.3,197913,54976,-18.3
"2012Q1","2.1 Oil (fossil)",83085,23079,20.6,-3.4,-2.6,83085,23079,-2.6
"2012Q1","2.2 Coal",43324,12034,10.8,30.1,-35.0,43324,12034,-35.0
"2012Q1","2.3 Natural gas",39873,11076,9.9,37.6,-21.1,39873,11076,-21.1
"2012Q1","2.4 Peat",29587,8219,7.3,51.0,-22.2,29587,8219,-22.2
"2012Q1","2.5 Other fossil fuels",2044,568,0.5,23.6,23.6,2044,568,23.6
"2012Q1","3 Nuclear energy",65746,18263,16.3,-0.4,2.6,65746,18263,2.6
"2012Q1","4 Net imports of electricity",16913,4698,4.2,25.2,133.1,16913,4698,133.1
"2012Q1","5 Others",1903,529,0.5,-2.9,-2.9,1903,529,-2.9
"2012Q2","SSS TOTAL ENERGY CONSUMPTION",306944,85262,100.0,-23.9,-3.2,710029,197230,-4.7
"2012Q2","1 Renewable energy",98899,27472,32.2,-18.0,6.2,219508,60974,6.6
"2012Q2","1.1 Hydro power",15480,4300,5.0,15.3,42.7,28909,8030,43.5
"2012Q2","1.2 Wind power",401,111,0.1,-17.2,9.0,885,246,6.8
"2012Q2","1.3 Wood fuels",75404,20946,24.6,-19.8,0.3,169471,47075,1.3
"2012Q2","1.4 Other renewable energy",7614,2115,2.5,-39.7,12.4,20243,5623,15.4
"2012Q2","2 Fossil fuels and peat",137166,38102,44.7,-30.7,-12.5,335079,93078,-16.0
"2012Q2","2.1 Oil (fossil)",74963,20823,24.4,-9.8,-4.6,158048,43902,-3.5
"2012Q2","2.2 Coal",23067,6407,7.5,-46.8,-21.6,66391,18442,-30.9
"2012Q2","2.3 Natural gas",21821,6061,7.1,-45.3,-25.0,61694,17137,-22.5
"2012Q2","2.4 Peat",15271,4242,5.0,-48.4,-15.0,44859,12461,-19.9
"2012Q2","2.5 Other fossil fuels",2044,568,0.7,0.0,23.6,4087,1135,23.6
"2012Q2","3 Nuclear energy",55037,15288,17.9,-16.3,-0.2,120783,33551,1.3
"2012Q2","4 Net imports of electricity",13939,3872,4.5,-17.6,38.4,30852,8570,78.0
"2012Q2","5 Others",1903,529,0.6,0.0,-2.9,3807,1057,-2.9
"2012Q3","SSS TOTAL ENERGY CONSUMPTION",294194,81721,100.0,-4.2,-0.1,1004223,278951,-3.4
"2012Q3","1 Renewable energy",93064,25851,31.6,-5.9,9.4,312572,86826,7.5
"2012Q3","1.1 Hydro power",14770,4103,5.0,-4.6,48.8,43679,12133,45.3
"2012Q3","1.2 Wind power",377,105,0.1,-6.0,19.1,1262,351,10.2
"2012Q3","1.3 Wood fuels",71763,19934,24.4,-4.8,4.1,241234,67009,2.1
"2012Q3","1.4 Other renewable energy",6154,1709,2.1,-19.2,4.8,26397,7332,12.7
"2012Q3","2 Fossil fuels and peat",126410,35114,43.0,-7.8,-3.3,461489,128191,-12.9
"2012Q3","2.1 Oil (fossil)",79418,22061,27.0,5.9,-3.0,237466,65963,-3.4
"2012Q3","2.2 Coal",16781,4661,5.7,-27.3,6.4,83171,23103,-25.7
"2012Q3","2.3 Natural gas",19887,5524,6.8,-8.9,-7.1,81581,22661,-19.3
"2012Q3","2.4 Peat",8280,2300,2.8,-45.8,-17.8,53139,14761,-19.6
"2012Q3","2.5 Other fossil fuels",2044,568,0.7,0.0,23.6,6131,1703,23.6
"2012Q3","3 Nuclear energy",56189,15608,19.1,2.1,-2.6,176972,49159,0.1
"2012Q3","4 Net imports of electricity",16628,4619,5.7,19.3,-12.6,47480,13189,30.6
"2012Q3","5 Others",1903,529,0.7,0.0,-2.9,5710,1586,-2.9
"2012Q4","SSS TOTAL ENERGY CONSUMPTION",371368,103158,100.0,26.2,4.8,1375591,382109,-1.3
"2012Q4","1 Renewable energy",117385,32607,31.6,26.1,13.5,429957,119432,9.0
"2012Q4","1.1 Hydro power",16322,4534,4.4,10.5,15.5,60001,16667,35.7
"2012Q4","1.2 Wind power",517,144,0.1,37.1,-12.0,1780,494,2.7
"2012Q4","1.3 Wood fuels",89315,24810,24.1,24.5,11.4,330549,91819,4.5
"2012Q4","1.4 Other renewable energy",11230,3119,3.0,82.5,31.1,37627,10452,17.6
"2012Q4","2 Fossil fuels and peat",173051,48070,46.6,36.9,2.1,634540,176261,-9.2
"2012Q4","2.1 Oil (fossil)",84908,23586,22.9,6.9,-1.2,322374,89548,-2.8
"2012Q4","2.2 Coal",39480,10967,10.6,135.3,18.5,122651,34070,-15.5
"2012Q4","2.3 Natural gas",33404,9279,9.0,68.0,15.2,114985,31940,-11.6
"2012Q4","2.4 Peat",13216,3671,3.6,59.6,-32.5,66355,18432,-22.5
"2012Q4","2.5 Other fossil fuels",2044,568,0.6,0.0,23.6,8175,2271,23.6
"2012Q4","3 Nuclear energy",63713,17698,17.2,13.4,-3.5,240685,66857,-0.9
"2012Q4","4 Net imports of electricity",15315,4254,4.1,-7.9,13.3,62796,17443,25.9
"2012Q4","5 Others",1903,529,0.5,0.0,-2.9,7614,2115,-2.9
"2013Q1","SSS TOTAL ENERGY CONSUMPTION",403982,112217,100.0,8.8,0.2,403982,112217,0.2
"2013Q1","1 Renewable energy",128523,35701,31.8,9.5,6.6,128523,35701,6.6
"2013Q1","1.1 Hydro power",13871,3853,3.4,-15.0,3.3,13871,3853,3.3
"2013Q1","1.2 Wind power",553,153,0.1,6.8,14.1,553,153,14.1
"2013Q1","1.3 Wood fuels",99463,27629,24.6,11.4,5.7,99463,27629,5.7
"2013Q1","1.4 Other renewable energy",14637,4066,3.6,30.3,15.9,14637,4066,15.9
"2013Q1","2 Fossil fuels and peat",195209,54225,48.3,12.8,-1.4,195209,54225,-1.4
"2013Q1","2.1 Oil (fossil)",78905,21918,19.5,-7.1,-5.0,78905,21918,-5.0
"2013Q1","2.2 Coal",53842,14956,13.3,36.4,24.3,53842,14956,24.3
"2013Q1","2.3 Natural gas",37917,10533,9.4,13.5,-4.9,37917,10533,-4.9
"2013Q1","2.4 Peat",22066,6129,5.5,67.0,-25.4,22066,6129,-25.4
"2013Q1","2.5 Other fossil fuels",2479,689,0.6,21.3,21.3,2479,689,21.3
"2013Q1","3 Nuclear energy",64994,18054,16.1,2.0,-1.1,64994,18054,-1.1
"2013Q1","4 Net imports of electricity",13179,3661,3.3,-14.0,-22.1,13179,3661,-22.1
"2013Q1","5 Others",2077,577,0.5,9.1,9.1,2077,577,9.1
"2013Q2","SSS TOTAL ENERGY CONSUMPTION",313629,87119,100.0,-22.4,2.2,717611,199336,1.1
"2013Q2","1 Renewable energy",101338,28149,32.3,-21.2,2.5,229861,63850,4.7
"2013Q2","1.1 Hydro power",13009,3614,4.2,-6.2,-16.0,26879,7467,-7.0
"2013Q2","1.2 Wind power",519,144,0.2,-6.0,29.4,1072,298,21.1
"2013Q2","1.3 Wood fuels",79337,22038,25.3,-20.2,5.2,178800,49667,5.5
"2013Q2","1.4 Other renewable energy",8473,2354,2.7,-42.1,11.3,23110,6419,14.2
"2013Q2","2 Fossil fuels and peat",139779,38828,44.6,-28.4,1.9,334989,93052,0.0
"2013Q2","2.1 Oil (fossil)",75252,20903,24.0,-4.6,0.4,154157,42821,-2.5
"2013Q2","2.2 Coal",29899,8305,9.5,-44.5,29.6,83740,23261,26.1
"2013Q2","2.3 Natural gas",21198,5888,6.8,-44.1,-2.9,59115,16421,-4.2
"2013Q2","2.4 Peat",10951,3042,3.5,-50.4,-28.3,33017,9171,-26.4
"2013Q2","2.5 Other fossil fuels",2479,689,0.8,0.0,21.3,4959,1377,21.3
"2013Q2","3 Nuclear energy",59184,16440,18.9,-8.9,7.5,124178,34494,2.8
"2013Q2","4 Net imports of electricity",11251,3125,3.6,-14.6,-19.3,24430,6786,-20.8
"2013Q2","5 Others",2077,577,0.7,0.0,9.1,4154,1154,9.1
"2013Q3","SSS TOTAL ENERGY CONSUMPTION",301207,83669,100.0,-4.0,2.4,1018819,283005,1.5
"2013Q3","1 Renewable energy",89942,24984,29.9,-11.3,-3.4,319803,88834,2.3
"2013Q3","1.1 Hydro power",9172,2548,3.1,-29.5,-37.9,36051,10014,-17.5
"2013Q3","1.2 Wind power",575,160,0.2,10.7,52.4,1647,457,30.4
"2013Q3","1.3 Wood fuels",73343,20373,24.4,-7.6,2.2,252143,70040,4.5
"2013Q3","1.4 Other renewable energy",6852,1903,2.3,-19.1,11.4,29962,8323,13.5
"2013Q3","2 Fossil fuels and peat",134162,37267,44.5,-4.0,6.1,469150,130320,1.7
"2013Q3","2.1 Oil (fossil)",77941,21650,25.9,3.6,-1.9,232098,64472,-2.3
"2013Q3","2.2 Coal",27354,7598,9.1,-8.5,63.0,111094,30859,33.6
"2013Q3","2.3 Natural gas",18698,5194,6.2,-11.8,-6.0,77813,21615,-4.6
"2013Q3","2.4 Peat",7690,2136,2.6,-29.8,-7.1,40707,11307,-23.4
"2013Q3","2.5 Other fossil fuels",2479,689,0.8,0.0,21.3,7438,2066,21.3
"2013Q3","3 Nuclear energy",58123,16145,19.3,-1.8,3.4,182302,50639,3.0
"2013Q3","4 Net imports of electricity",16903,4695,5.6,50.2,1.7,41332,11481,-13.0
"2013Q3","5 Others",2077,577,0.7,0.0,9.1,6231,1731,9.1
"2013Q4","SSS TOTAL ENERGY CONSUMPTION",356925,99146,100.0,18.5,-3.9,1375743,382151,0.0
"2013Q4","1 Renewable energy",108613,30170,30.4,20.8,-7.5,428416,119004,-0.4
"2013Q4","1.1 Hydro power",9569,2658,2.7,4.3,-41.4,45621,12672,-24.0
"2013Q4","1.2 Wind power",1139,316,0.3,98.1,120.2,2785,774,56.5
"2013Q4","1.3 Wood fuels",86330,23980,24.2,17.7,-3.3,338473,94020,2.4
"2013Q4","1.4 Other renewable energy",11576,3215,3.2,68.9,3.1,41537,11538,10.4
"2013Q4","2 Fossil fuels and peat",165948,46097,46.5,23.7,-4.1,635098,176416,0.1
"2013Q4","2.1 Oil (fossil)",77190,21442,21.6,-1.0,-9.1,309288,85913,-4.1
"2013Q4","2.2 Coal",40218,11172,11.3,47.0,1.9,151312,42031,23.4
"2013Q4","2.3 Natural gas",29131,8092,8.2,55.8,-12.8,106944,29707,-7.0
"2013Q4","2.4 Peat",16930,4703,4.7,120.2,28.1,57637,16010,-13.1
"2013Q4","2.5 Other fossil fuels",2479,689,0.7,0.0,21.3,9917,2755,21.3
"2013Q4","3 Nuclear energy",65046,18068,18.2,11.9,2.1,247347,68708,2.8
"2013Q4","4 Net imports of electricity",15241,4234,4.3,-9.8,-0.5,56574,15715,-9.9
"2013Q4","5 Others",2077,577,0.6,0.0,9.1,8308,2308,9.1
"2014Q1","SSS TOTAL ENERGY CONSUMPTION",384360,106767,100.0,7.7,-4.9,384360,106767,-4.9
"2014Q1","1 Renewable energy",129510,35975,33.7,19.2,0.8,129510,35975,0.8
"2014Q1","1.1 Hydro power",14190,3942,3.7,48.3,2.3,14190,3942,2.3
"2014Q1","1.2 Wind power",999,278,0.3,-12.3,80.9,999,278,80.9
"2014Q1","1.3 Wood fuels",97370,27047,25.3,12.8,-2.1,97370,27047,-2.1
"2014Q1","1.4 Other renewable energy",16951,4709,4.4,46.4,15.8,16951,4709,15.8
"2014Q1","2 Fossil fuels and peat",170813,47448,44.4,2.9,-12.5,170813,47448,-12.5
"2014Q1","2.1 Oil (fossil)",69831,19397,18.2,-9.5,-11.5,69831,19397,-11.5
"2014Q1","2.2 Coal",38572,10715,10.0,-4.1,-28.4,38572,10715,-28.4
"2014Q1","2.3 Natural gas",33579,9328,8.7,15.3,-11.4,33579,9328,-11.4
"2014Q1","2.4 Peat",26016,7227,6.8,53.7,17.9,26016,7227,17.9
"2014Q1","2.5 Other fossil fuels",2815,782,0.7,13.5,13.5,2815,782,13.5
"2014Q1","3 Nuclear energy",65094,18082,16.9,0.1,0.2,65094,18082,0.2
"2014Q1","4 Net imports of electricity",16850,4681,4.4,10.6,27.9,16850,4681,27.9
"2014Q1","5 Others",2093,581,0.5,0.8,0.8,2093,581,0.8
"2014Q2","SSS TOTAL ENERGY CONSUMPTION",307668,85463,100.0,-20.0,-1.9,692028,192230,-3.6
"2014Q2","1 Renewable energy",105370,29270,34.3,-18.6,4.0,234880,65245,2.2
"2014Q2","1.1 Hydro power",13354,3709,4.3,-5.9,2.7,27544,7651,2.5
"2014Q2","1.2 Wind power",803,223,0.3,-19.6,54.7,1802,501,68.2
"2014Q2","1.3 Wood fuels",79062,21962,25.7,-18.8,-0.4,176431,49009,-1.3
"2014Q2","1.4 Other renewable energy",12152,3375,4.0,-28.3,43.4,29103,8084,25.9
"2014Q2","2 Fossil fuels and peat",127082,35301,41.3,-25.6,-9.1,297895,82749,-11.1
"2014Q2","2.1 Oil (fossil)",70251,19514,22.8,0.6,-6.7,140082,38912,-9.1
"2014Q2","2.2 Coal",24702,6862,8.0,-36.0,-17.4,63275,17576,-24.4
"2014Q2","2.3 Natural gas",19368,5380,6.3,-42.3,-8.6,52947,14708,-10.4
"2014Q2","2.4 Peat",9945,2763,3.2,-61.8,-9.2,35961,9989,8.9
"2014Q2","2.5 Other fossil fuels",2815,782,0.9,0.0,13.5,5630,1564,13.5
"2014Q2","3 Nuclear energy",59104,16418,19.2,-9.2,-0.1,124198,34499,0.0
"2014Q2","4 Net imports of electricity",14018,3894,4.6,-16.8,24.6,30868,8575,26.4
"2014Q2","5 Others",2093,581,0.7,0.0,0.8,4186,1163,0.8
"2014Q3","SSS TOTAL ENERGY CONSUMPTION",297694,82693,100.0,-3.2,-1.2,989722,274923,-2.9
"2014Q3","1 Renewable energy",93458,25961,31.4,-11.3,3.9,328339,91205,2.7
"2014Q3","1.1 Hydro power",8708,2419,2.9,-34.8,-5.1,36252,10070,0.6
"2014Q3","1.2 Wind power",751,208,0.3,-6.5,30.6,2553,709,55.0
"2014Q3","1.3 Wood fuels",73723,20479,24.8,-6.8,0.5,250154,69487,-0.8
"2014Q3","1.4 Other renewable energy",10276,2855,3.5,-15.4,50.0,39379,10939,31.4
"2014Q3","2 Fossil fuels and peat",128671,35742,43.2,1.3,-4.1,426567,118491,-9.1
"2014Q3","2.1 Oil (fossil)",73198,20333,24.6,4.2,-6.1,213281,59245,-8.1
"2014Q3","2.2 Coal",28784,7995,9.7,16.5,5.2,92058,25572,-17.1
"2014Q3","2.3 Natural gas",15364,4268,5.2,-20.7,-17.8,68312,18975,-12.2
"2014Q3","2.4 Peat",8510,2364,2.9,-14.4,10.7,44471,12353,9.3
"2014Q3","2.5 Other fossil fuels",2815,782,1.0,0.0,13.5,8445,2346,13.5
"2014Q3","3 Nuclear energy",56470,15686,19.0,-4.5,-2.9,180667,50185,-0.9
"2014Q3","4 Net imports of electricity",17002,4723,5.7,21.3,0.6,47870,13297,15.8
"2014Q3","5 Others",2093,581,0.7,0.0,0.8,6279,1744,0.8
"2014Q4","SSS TOTAL ENERGY CONSUMPTION",360892,100248,100.0,21.2,1.1,1350614,375171,-1.8
"2014Q4","1 Renewable energy",117807,32724,32.6,26.1,8.5,446145,123929,4.1
"2014Q4","1.1 Hydro power",11412,3170,3.2,31.1,19.3,47665,13240,4.5
"2014Q4","1.2 Wind power",1433,398,0.4,90.9,25.9,3986,1107,43.1
"2014Q4","1.3 Wood fuels",89196,24777,24.7,21.0,3.3,339350,94264,0.3
"2014Q4","1.4 Other renewable energy",15766,4379,4.4,53.4,36.2,55145,15318,32.8
"2014Q4","2 Fossil fuels and peat",157805,43835,43.7,22.6,-4.9,584371,162325,-8.0
"2014Q4","2.1 Oil (fossil)",76938,21372,21.3,5.1,-0.3,290218,80616,-6.2
"2014Q4","2.2 Coal",34112,9476,9.5,18.5,-15.2,126170,35047,-16.6
"2014Q4","2.3 Natural gas",27292,7581,7.6,77.6,-6.3,95603,26557,-10.6
"2014Q4","2.4 Peat",16648,4625,4.6,95.6,-1.7,61119,16978,6.0
"2014Q4","2.5 Other fossil fuels",2815,782,0.8,0.0,13.5,11260,3128,13.5
"2014Q4","3 Nuclear energy",66380,18439,18.4,17.6,2.1,247047,68624,-0.1
"2014Q4","4 Net imports of electricity",16808,4669,4.7,-1.1,10.3,64678,17966,14.3
"2014Q4","5 Others",2093,581,0.6,0.0,0.8,8372,2326,0.8
"2015Q1","SSS TOTAL ENERGY CONSUMPTION",370516,102921,100.0,2.7,-3.6,370516,102921,-3.6
"2015Q1","1 Renewable energy",124867,34685,33.7,6.0,-3.6,124867,34685,-3.6
"2015Q1","1.1 Hydro power",12814,3559,3.5,12.3,-9.7,12814,3559,-9.7
"2015Q1","1.2 Wind power",2206,613,0.6,54.0,120.8,2206,613,120.8
"2015Q1","1.3 Wood fuels",92624,25729,25.0,3.8,-4.9,92624,25729,-4.9
"2015Q1","1.4 Other renewable energy",17224,4784,4.7,9.3,1.6,17224,4784,1.6
"2015Q1","2 Fossil fuels and peat",164879,45800,44.5,4.5,-3.5,164879,45800,-3.5
"2015Q1","2.1 Oil (fossil)",74608,20724,20.1,-3.0,6.8,74608,20724,6.8
"2015Q1","2.2 Coal",36212,10059,9.8,6.2,-6.1,36212,10059,-6.1
"2015Q1","2.3 Natural gas",29447,8180,8.0,7.9,-12.3,29447,8180,-12.3
"2015Q1","2.4 Peat",22107,6141,6.0,32.8,-15.0,22107,6141,-15.0
"2015Q1","2.5 Other fossil fuels",2505,696,0.7,-11.0,-11.0,2505,696,-11.0
"2015Q1","3 Nuclear energy",60467,16796,16.3,-8.9,-7.1,60467,16796,-7.1
"2015Q1","4 Net imports of electricity",18237,5066,4.9,8.5,8.2,18237,5066,8.2
"2015Q1","5 Others",2066,574,0.6,-1.3,-1.3,2066,574,-1.3
"2015Q2","SSS TOTAL ENERGY CONSUMPTION",300365,83435,100.0,-18.9,-2.4,670881,186356,-3.1
"2015Q2","1 Renewable energy",110881,30800,36.9,-11.2,5.2,235748,65486,0.4
"2015Q2","1.1 Hydro power",17146,4763,5.7,33.8,28.4,29959,8322,8.8
"2015Q2","1.2 Wind power",1773,493,0.6,-19.6,120.9,3980,1105,120.8
"2015Q2","1.3 Wood fuels",79563,22101,26.5,-14.1,0.6,172187,47830,-2.4
"2015Q2","1.4 Other renewable energy",12398,3444,4.1,-28.0,2.0,29622,8228,1.8
"2015Q2","2 Fossil fuels and peat",118063,32795,39.3,-28.4,-7.1,282942,78595,-5.0
"2015Q2","2.1 Oil (fossil)",68560,19045,22.8,-8.1,-2.4,143169,39769,2.2
"2015Q2","2.2 Coal",19906,5530,6.6,-45.0,-19.4,56118,15588,-11.3
"2015Q2","2.3 Natural gas",16075,4465,5.4,-45.4,-17.0,45521,12645,-14.0
"2015Q2","2.4 Peat",11016,3060,3.7,-50.2,10.8,33124,9201,-7.9
"2015Q2","2.5 Other fossil fuels",2505,696,0.8,0.0,-11.0,5010,1392,-11.0
"2015Q2","3 Nuclear energy",58009,16114,19.3,-4.1,-1.9,118476,32910,-4.6
"2015Q2","4 Net imports of electricity",11347,3152,3.8,-37.8,-19.1,29584,8218,-4.2
"2015Q2","5 Others",2066,574,0.7,0.0,-1.3,4132,1148,-1.3
"2015Q3","SSS TOTAL ENERGY CONSUMPTION",288105,80029,100.0,-4.1,-3.2,958986,266385,-3.1
"2015Q3","1 Renewable energy",96745,26874,33.6,-12.8,3.5,332493,92359,1.3
"2015Q3","1.1 Hydro power",15314,4254,5.3,-10.7,75.9,45273,12576,24.9
"2015Q3","1.2 Wind power",1370,380,0.5,-22.8,82.5,5349,1486,109.5
"2015Q3","1.3 Wood fuels",69851,19403,24.2,-12.2,-5.3,242038,67233,-3.2
"2015Q3","1.4 Other renewable energy",10212,2837,3.5,-17.6,-0.6,39833,11065,1.2
"2015Q3","2 Fossil fuels and peat",115525,32090,40.1,-2.2,-10.2,398467,110685,-6.6
"2015Q3","2.1 Oil (fossil)",74719,20755,25.9,9.0,2.1,217887,60524,2.2
"2015Q3","2.2 Coal",15465,4296,5.4,-22.3,-46.3,71583,19884,-22.2
"2015Q3","2.3 Natural gas",15116,4199,5.3,-6.0,-1.6,60637,16844,-11.2
"2015Q3","2.4 Peat",7720,2144,2.7,-29.9,-9.3,40844,11345,-8.2
"2015Q3","2.5 Other fossil fuels",2505,696,0.9,0.0,-11.0,7515,2088,-11.0
"2015Q3","3 Nuclear energy",59125,16424,20.5,1.9,4.7,177601,49334,-1.7
"2015Q3","4 Net imports of electricity",14644,4068,5.1,29.1,-13.9,44228,12286,-7.6
"2015Q3","5 Others",2066,574,0.7,0.0,-1.3,6198,1722,-1.3
"2015Q4","SSS TOTAL ENERGY CONSUMPTION",353141,98095,100.0,22.6,-2.2,1312127,364480,-2.9
"2015Q4","1 Renewable energy",122147,33930,34.6,26.3,3.7,454640,126289,1.9
"2015Q4","1.1 Hydro power",14430,4008,4.1,-5.8,26.4,59703,16584,25.3
"2015Q4","1.2 Wind power",3029,841,0.9,121.2,111.4,8378,2327,110.2
"2015Q4","1.3 Wood fuels",88901,24695,25.2,27.3,-0.3,330939,91928,-2.5
"2015Q4","1.4 Other renewable energy",15786,4385,4.5,54.6,0.1,55619,15450,0.9
"2015Q4","2 Fossil fuels and peat",148387,41219,42.0,28.5,-6.0,546854,151904,-6.4
"2015Q4","2.1 Oil (fossil)",76759,21322,21.7,2.7,-0.2,294646,81846,1.5
"2015Q4","2.2 Coal",30254,8404,8.6,95.6,-11.3,101837,28288,-19.3
"2015Q4","2.3 Natural gas",21726,6035,6.2,43.7,-20.4,82363,22879,-13.9
"2015Q4","2.4 Peat",17144,4762,4.9,122.1,3.0,57987,16108,-5.1
"2015Q4","2.5 Other fossil fuels",2505,696,0.7,0.0,-11.0,10020,2783,-11.0
"2015Q4","3 Nuclear energy",65955,18321,18.7,11.6,-0.6,243556,67654,-1.4
"2015Q4","4 Net imports of electricity",14585,4052,4.1,-0.4,-13.2,58813,16337,-9.1
"2015Q4","5 Others",2066,574,0.6,0.0,-1.3,8264,2295,-1.3
"2016Q1","SSS TOTAL ENERGY CONSUMPTION",390077,108355,100.0,10.5,5.3,390077,108355,5.3
"2016Q1","1 Renewable energy",133172,36992,34.1,9.0,6.7,133172,36992,6.7
"2016Q1","1.1 Hydro power",15194,4220,3.9,5.3,18.6,15194,4220,18.6
"2016Q1","1.2 Wind power",2420,672,0.6,-20.1,9.7,2420,672,9.7
"2016Q1","1.3 Wood fuels",98479,27355,25.3,10.8,6.3,98479,27355,6.3
"2016Q1","1.4 Other renewable energy",17080,4744,4.4,8.2,-0.8,17080,4744,-0.8
"2016Q1","2 Fossil fuels and peat",169750,47153,43.5,14.4,3.0,169750,47153,3.0
"2016Q1","2.1 Oil (fossil)",76337,21205,19.6,-0.6,2.3,76337,21205,2.3
"2016Q1","2.2 Coal",39122,10867,10.0,29.3,8.0,39122,10867,8.0
"2016Q1","2.3 Natural gas",28534,7926,7.3,31.3,-3.1,28534,7926,-3.1
"2016Q1","2.4 Peat",23003,6390,5.9,34.2,4.1,23003,6390,4.1
"2016Q1","2.5 Other fossil fuels",2753,765,0.7,9.9,9.9,2753,765,9.9
"2016Q1","3 Nuclear energy",66026,18340,16.9,0.1,9.2,66026,18340,9.2
"2016Q1","4 Net imports of electricity",19068,5297,4.9,30.7,4.6,19068,5297,4.6
"2016Q1","5 Others",2062,573,0.5,-0.2,-0.2,2062,573,-0.2
"2016Q2","SSS TOTAL ENERGY CONSUMPTION",305593,84887,100.0,-21.7,1.7,695670,193242,3.7
"2016Q2","1 Renewable energy",108036,30010,35.4,-18.9,-2.6,241208,67002,2.3
"2016Q2","1.1 Hydro power",15638,4344,5.1,2.9,-8.8,30832,8564,2.9
"2016Q2","1.2 Wind power",1975,549,0.7,-18.4,11.4,4395,1221,10.4
"2016Q2","1.3 Wood fuels",81260,22572,26.6,-17.5,2.1,179739,49927,4.4
"2016Q2","1.4 Other renewable energy",9163,2545,3.0,-46.4,-26.1,26243,7290,-11.4
"2016Q2","2 Fossil fuels and peat",125771,34936,41.2,-25.9,6.5,295521,82089,4.5
"2016Q2","2.1 Oil (fossil)",75606,21002,24.7,-1.0,10.3,151943,42206,6.1
"2016Q2","2.2 Coal",25590,7108,8.4,-34.6,28.6,64712,17975,15.3
"2016Q2","2.3 Natural gas",12077,3355,4.0,-57.7,-24.9,40611,11281,-10.8
"2016Q2","2.4 Peat",9745,2707,3.2,-57.6,-11.5,32749,9097,-1.1
"2016Q2","2.5 Other fossil fuels",2753,765,0.9,0.0,9.9,5506,1530,9.9
"2016Q2","3 Nuclear energy",54933,15259,18.0,-16.8,-5.3,120959,33600,2.1
"2016Q2","4 Net imports of electricity",14792,4109,4.8,-22.4,30.4,33860,9405,14.5
"2016Q2","5 Others",2062,573,0.7,0.0,-0.2,4123,1145,-0.2
"2016Q3","SSS TOTAL ENERGY CONSUMPTION",295492,82081,100.0,-3.3,2.6,991163,275323,3.4
"2016Q3","1 Renewable energy",100726,27979,34.1,-6.8,4.1,341934,94982,2.8
"2016Q3","1.1 Hydro power",14313,3976,4.8,-8.5,-6.5,45145,12540,-0.3
"2016Q3","1.2 Wind power",2427,674,0.8,22.9,77.2,6822,1895,27.5
"2016Q3","1.3 Wood fuels",76529,21258,25.9,-5.8,9.6,256268,71185,5.9
"2016Q3","1.4 Other renewable energy",7457,2071,2.5,-18.6,-27.0,33700,9361,-15.4
"2016Q3","2 Fossil fuels and peat",117967,32769,39.9,-6.2,2.1,413488,114858,3.8
"2016Q3","2.1 Oil (fossil)",77875,21632,26.4,3.0,4.2,229818,63838,5.5
"2016Q3","2.2 Coal",20944,5818,7.1,-18.2,35.4,85656,23793,19.7
"2016Q3","2.3 Natural gas",10526,2924,3.6,-12.9,-30.4,51137,14205,-15.7
"2016Q3","2.4 Peat",5869,1630,2.0,-39.8,-24.0,38618,10727,-5.5
"2016Q3","2.5 Other fossil fuels",2753,765,0.9,0.0,9.9,8259,2294,9.9
"2016Q3","3 Nuclear energy",57771,16048,19.6,5.2,-2.3,178730,49647,0.6
"2016Q3","4 Net imports of electricity",16966,4713,5.7,14.7,15.9,50826,14118,14.9
"2016Q3","5 Others",2062,573,0.7,0.0,-0.2,6185,1718,-0.2
"2016Q4","SSS TOTAL ENERGY CONSUMPTION",369179,102550,100.0,24.9,4.5,1360342,377873,3.7
"2016Q4","1 Renewable energy",124049,34458,33.6,23.2,1.6,465983,129440,2.5
"2016Q4","1.1 Hydro power",11139,3094,3.0,-22.2,-22.8,56283,15634,-5.7
"2016Q4","1.2 Wind power",4223,1173,1.1,74.0,39.4,11045,3068,31.8
"2016Q4","1.3 Wood fuels",93800,26056,25.4,22.6,5.5,350068,97241,5.8
"2016Q4","1.4 Other renewable energy",14888,4135,4.0,99.7,-5.7,48588,13497,-12.6
"2016Q4","2 Fossil fuels and peat",161346,44818,43.7,36.8,8.7,574834,159676,5.1
"2016Q4","2.1 Oil (fossil)",78588,21830,21.3,0.9,2.4,308406,85668,4.7
"2016Q4","2.2 Coal",41148,11430,11.2,96.5,36.0,126803,35223,24.5
"2016Q4","2.3 Natural gas",21139,5872,5.7,100.8,-2.7,72276,20077,-12.3
"2016Q4","2.4 Peat",17718,4922,4.8,201.9,3.4,56336,15649,-2.9
"2016Q4","2.5 Other fossil fuels",2753,765,0.8,0.0,9.9,11012,3059,9.9
"2016Q4","3 Nuclear energy",64326,17868,17.4,11.4,-2.5,243056,67516,-0.2
"2016Q4","4 Net imports of electricity",17396,4832,4.7,2.5,19.3,68222,18951,16.0
"2016Q4","5 Others",2062,573,0.6,0.0,-0.2,8246,2291,-0.2
"2017Q1","SSS TOTAL ENERGY CONSUMPTION",375017,104171,100.0,1.6,-3.9,375017,104171,-3.9
"2017Q1","1 Renewable energy",133875,37187,35.7,7.9,0.5,133875,37187,0.5
"2017Q1","1.1 Hydro power",11587,3219,3.1,4.0,-23.7,11587,3219,-23.7
"2017Q1","1.2 Wind power",4757,1322,1.3,12.7,96.6,4757,1322,96.6
"2017Q1","1.3 Wood fuels",98551,27375,26.3,5.1,0.1,98551,27375,0.1
"2017Q1","1.4 Other renewable energy",18980,5272,5.1,27.5,11.1,18980,5272,11.1
"2017Q1","2 Fossil fuels and peat",155369,43158,41.4,-3.7,-8.5,155369,43158,-8.5
"2017Q1","2.1 Oil (fossil)",71857,19960,19.2,-8.6,-5.9,71857,19960,-5.9
"2017Q1","2.2 Coal",34912,9698,9.3,-15.2,-10.8,34912,9698,-10.8
"2017Q1","2.3 Natural gas",25358,7044,6.8,20.0,-11.1,25358,7044,-11.1
"2017Q1","2.4 Peat",20210,5614,5.4,14.1,-12.1,20210,5614,-12.1
"2017Q1","2.5 Other fossil fuels",3032,842,0.8,10.1,10.1,3032,842,10.1
"2017Q1","3 Nuclear energy",64625,17952,17.2,0.5,-2.1,64625,17952,-2.1
"2017Q1","4 Net imports of electricity",19076,5299,5.1,9.7,0.0,19076,5299,0.0
"2017Q1","5 Others",2072,576,0.6,0.5,0.5,2072,576,0.5
"2017Q2","SSS TOTAL ENERGY CONSUMPTION",313560,87100,100.0,-16.4,2.6,688577,191271,-1.0
"2017Q2","1 Renewable energy",114414,31782,36.5,-14.5,5.9,248289,68969,2.9
"2017Q2","1.1 Hydro power",13044,3623,4.2,12.6,-16.6,24631,6842,-20.1
"2017Q2","1.2 Wind power",3451,959,1.1,-27.5,74.7,8208,2280,86.8
"2017Q2","1.3 Wood fuels",84354,23432,26.9,-14.4,3.8,182904,50807,1.8
"2017Q2","1.4 Other renewable energy",13566,3768,4.3,-28.5,48.1,32546,9041,24.0
"2017Q2","2 Fossil fuels and peat",127883,35523,40.8,-17.7,1.7,283252,78681,-4.2
"2017Q2","2.1 Oil (fossil)",72466,20130,23.1,0.9,-4.2,144323,40090,-5.0
"2017Q2","2.2 Coal",28402,7889,9.1,-18.7,11.0,63314,17587,-2.2
"2017Q2","2.3 Natural gas",12569,3491,4.0,-50.4,4.1,37927,10535,-6.6
"2017Q2","2.4 Peat",11414,3171,3.6,-43.5,17.1,31624,8784,-3.4
"2017Q2","2.5 Other fossil fuels",3032,842,1.0,0.0,10.1,6064,1684,10.1
"2017Q2","3 Nuclear energy",50773,14104,16.2,-21.4,-7.6,115398,32055,-4.6
"2017Q2","4 Net imports of electricity",18418,5116,5.9,-3.5,24.5,37494,10415,10.7
"2017Q2","5 Others",2072,576,0.7,0.0,0.5,4144,1151,0.5
"2017Q3","SSS TOTAL ENERGY CONSUMPTION",302262,83962,100.0,-3.6,2.3,990839,275233,0.0
"2017Q3","1 Renewable energy",108585,30162,35.9,-5.1,7.8,356874,99132,4.4
"2017Q3","1.1 Hydro power",13690,3803,4.5,5.0,-4.4,38320,10645,-15.1
"2017Q3","1.2 Wind power",3319,922,1.1,-3.8,36.7,11527,3202,69.0
"2017Q3","1.3 Wood fuels",80887,22469,26.8,-4.1,5.7,263791,73275,2.9
"2017Q3","1.4 Other renewable energy",10690,2969,3.5,-21.2,43.4,43236,12010,28.3
"2017Q3","2 Fossil fuels and peat",117202,32556,38.8,-8.4,-0.7,400454,111237,-3.2
"2017Q3","2.1 Oil (fossil)",77216,21449,25.6,6.6,-0.9,221540,61539,-3.6
"2017Q3","2.2 Coal",20142,5595,6.7,-29.1,-3.8,83456,23182,-2.6
"2017Q3","2.3 Natural gas",10904,3029,3.6,-13.3,3.6,48831,13564,-4.5
"2017Q3","2.4 Peat",5908,1641,2.0,-48.2,0.7,37532,10426,-2.8
"2017Q3","2.5 Other fossil fuels",3032,842,1.0,0.0,10.1,9095,2527,10.1
"2017Q3","3 Nuclear energy",55573,15437,18.4,9.5,-3.8,170972,47492,-4.3
"2017Q3","4 Net imports of electricity",18830,5230,6.2,2.2,11.0,56324,15646,10.8
"2017Q3","5 Others",2072,576,0.7,0.0,0.5,6216,1727,0.5
"2017Q4","SSS TOTAL ENERGY CONSUMPTION",363219,100894,100.0,20.2,-1.6,1354058,376127,-0.5
"2017Q4","1 Renewable energy",136096,37805,37.5,25.3,9.7,492970,136936,5.8
"2017Q4","1.1 Hydro power",14277,3966,3.9,4.3,28.2,52597,14610,-6.6
"2017Q4","1.2 Wind power",5736,1593,1.6,72.9,35.8,17263,4795,56.3
"2017Q4","1.3 Wood fuels",99028,27508,27.3,22.4,5.6,362819,100783,3.6
"2017Q4","1.4 Other renewable energy",17056,4738,4.7,59.6,14.6,60291,16748,24.1
"2017Q4","2 Fossil fuels and peat",143462,39850,39.5,22.4,-11.1,543916,151088,-5.4
"2017Q4","2.1 Oil (fossil)",76547,21263,21.1,-0.9,-2.6,298087,82802,-3.4
"2017Q4","2.2 Coal",30417,8449,8.4,51.0,-26.1,113873,31632,-10.2
"2017Q4","2.3 Natural gas",17136,4760,4.7,57.2,-18.9,65967,18324,-8.7
"2017Q4","2.4 Peat",16328,4536,4.5,176.4,-7.8,53861,14961,-4.4
"2017Q4","2.5 Other fossil fuels",3032,842,0.8,0.0,10.1,12127,3369,10.1
"2017Q4","3 Nuclear energy",64381,17884,17.7,15.9,0.1,235352,65376,-3.2
"2017Q4","4 Net imports of electricity",17208,4780,4.7,-8.6,-1.1,73532,20426,7.8
"2017Q4","5 Others",2072,576,0.6,0.0,0.5,8287,2302,0.5
"2018Q1","SSS TOTAL ENERGY CONSUMPTION",408261,113406,100.0,12.4,8.9,408261,113406,8.9
"2018Q1","1 Renewable energy",149033,41398,36.5,9.5,11.3,149033,41398,11.3
"2018Q1","1.1 Hydro power",15076,4188,3.7,5.6,30.1,15076,4188,30.1
"2018Q1","1.2 Wind power",5197,1444,1.3,-9.4,9.3,5197,1444,9.3
"2018Q1","1.3 Wood fuels",107094,29748,26.2,8.2,8.7,107094,29748,8.7
"2018Q1","1.4 Other renewable energy",21666,6018,5.3,27.0,14.2,21666,6018,14.2
"2018Q1","2 Fossil fuels and peat",173021,48061,42.4,20.6,11.4,173021,48061,11.4
"2018Q1","2.1 Oil (fossil)",74752,20764,18.3,-2.4,4.0,74752,20764,4.0
"2018Q1","2.2 Coal",37747,10485,9.3,24.1,8.1,37747,10485,8.1
"2018Q1","2.3 Natural gas",30242,8401,7.4,76.5,19.3,30242,8401,19.3
"2018Q1","2.4 Peat",27202,7556,6.7,66.6,34.6,27202,7556,34.6
"2018Q1","2.5 Other fossil fuels",3077,855,0.8,1.5,1.5,3077,855,1.5
"2018Q1","3 Nuclear energy",65474,18187,16.0,1.7,1.3,65474,18187,1.3
"2018Q1","4 Net imports of electricity",18605,5168,4.6,8.1,-2.5,18605,5168,-2.5
"2018Q1","5 Others",2128,591,0.5,2.7,2.7,2128,591,2.7
"2018Q2","SSS TOTAL ENERGY CONSUMPTION",310666,86296,100.0,-23.9,-0.9,718927,199702,4.4
"2018Q2","1 Renewable energy",116789,32441,37.6,-21.6,2.1,265822,73839,7.1
"2018Q2","1.1 Hydro power",13653,3792,4.4,-9.4,4.7,28728,7980,16.6
"2018Q2","1.2 Wind power",4556,1265,1.5,-12.4,32.0,9753,2709,18.8
"2018Q2","1.3 Wood fuels",86363,23990,27.8,-19.4,2.4,193457,53738,5.8
"2018Q2","1.4 Other renewable energy",12218,3394,3.9,-43.6,-9.9,33884,9412,4.1
"2018Q2","2 Fossil fuels and peat",121742,33817,39.2,-29.6,-4.8,294762,81878,4.1
"2018Q2","2.1 Oil (fossil)",71835,19954,23.1,-3.9,-0.9,146587,40719,1.6
"2018Q2","2.2 Coal",24121,6700,7.8,-36.1,-15.1,61868,17186,-2.3
"2018Q2","2.3 Natural gas",11609,3225,3.7,-61.6,-7.6,41852,11626,10.4
"2018Q2","2.4 Peat",11099,3083,3.6,-59.2,-2.8,38302,10639,21.1
"2018Q2","2.5 Other fossil fuels",3077,855,1.0,0.0,1.5,6154,1709,1.5
"2018Q2","3 Nuclear energy",52480,14578,16.9,-19.9,3.4,117955,32765,2.2
"2018Q2","4 Net imports of electricity",17528,4869,5.6,-5.8,-4.8,36133,10037,-3.6
"2018Q2","5 Others",2128,591,0.7,0.0,2.7,4256,1182,2.7
"2018Q3","SSS TOTAL ENERGY CONSUMPTION",303798,84388,100.0,-2.2,0.5,1022725,284090,3.2
"2018Q3","1 Renewable energy",108830,30230,35.8,-6.8,0.2,374651,104070,5.0
"2018Q3","1.1 Hydro power",7981,2217,2.6,-41.5,-41.7,36709,10197,-4.2
"2018Q3","1.2 Wind power",4942,1373,1.6,8.5,48.9,14695,4082,27.5
"2018Q3","1.3 Wood fuels",85777,23827,28.2,-0.7,6.1,279234,77565,5.9
"2018Q3","1.4 Other renewable energy",10130,2814,3.3,-17.1,-5.2,44013,12226,1.8
"2018Q3","2 Fossil fuels and peat",117972,32770,38.8,-3.1,0.7,412734,114648,3.1
"2018Q3","2.1 Oil (fossil)",72537,20149,23.9,1.0,-6.1,219124,60868,-1.1
"2018Q3","2.2 Coal",20760,5767,6.8,-13.9,3.1,82629,22952,-1.0
"2018Q3","2.3 Natural gas",13666,3796,4.5,17.7,25.3,55518,15422,13.7
"2018Q3","2.4 Peat",7932,2203,2.6,-28.5,34.3,46233,12843,23.2
"2018Q3","2.5 Other fossil fuels",3077,855,1.0,0.0,1.5,9231,2564,1.5
"2018Q3","3 Nuclear energy",56677,15744,18.7,8.0,2.0,174632,48509,2.1
"2018Q3","4 Net imports of electricity",18191,5053,6.0,3.8,-3.4,54324,15090,-3.6
"2018Q3","5 Others",2128,591,0.7,0.0,2.7,6384,1773,2.7
"2018Q4","SSS TOTAL ENERGY CONSUMPTION",356451,99014,100.0,17.3,-1.9,1379176,383105,1.9
"2018Q4","1 Renewable energy",129851,36070,36.4,19.3,-4.6,504503,140140,2.3
"2018Q4","1.1 Hydro power",10585,2940,3.0,32.6,-25.9,47295,13137,-10.1
"2018Q4","1.2 Wind power",6324,1757,1.8,28.0,10.3,21019,5839,21.8
"2018Q4","1.3 Wood fuels",95472,26520,26.8,11.3,-3.6,374706,104085,3.3
"2018Q4","1.4 Other renewable energy",17470,4853,4.9,72.5,2.4,61483,17079,2.0
"2018Q4","2 Fossil fuels and peat",142958,39711,40.1,21.2,-0.4,555693,154359,2.2
"2018Q4","2.1 Oil (fossil)",72896,20249,20.5,0.5,-4.8,292020,81117,-2.0
"2018Q4","2.2 Coal",31214,8671,8.8,50.4,2.6,113843,31623,0.0
"2018Q4","2.3 Natural gas",20128,5591,5.7,47.3,17.5,75646,21013,14.7
"2018Q4","2.4 Peat",15643,4345,4.4,97.2,-4.2,61877,17188,14.9
"2018Q4","2.5 Other fossil fuels",3077,855,0.9,0.0,1.5,12308,3419,1.5
"2018Q4","3 Nuclear energy",64068,17797,18.0,13.0,-0.5,238700,66306,1.4
"2018Q4","4 Net imports of electricity",17445,4846,4.9,-4.1,1.4,71769,19936,-2.4
"2018Q4","5 Others",2128,591,0.6,0.0,2.7,8512,2364,2.7
"2019Q1","SSS TOTAL ENERGY CONSUMPTION",386379,107328,100.0,8.4,-5.4,386379,107328,-5.4
"2019Q1","1 Renewable energy",142373,39548,36.9,9.6,-4.5,142373,39548,-4.5
"2019Q1","1.1 Hydro power",9908,2752,2.6,-6.4,-34.3,9908,2752,-34.3
"2019Q1","1.2 Wind power",6578,1827,1.7,4.0,26.6,6578,1827,26.6
"2019Q1","1.3 Wood fuels",104557,29044,27.1,9.5,-2.4,104557,29044,-2.4
"2019Q1","1.4 Other renewable energy",21329,5925,5.5,22.1,-1.6,21329,5925,-1.6
"2019Q1","2 Fossil fuels and peat",155825,43285,40.3,9.0,-9.9,155825,43285,-9.9
"2019Q1","2.1 Oil (fossil)",70139,19483,18.2,-3.8,-6.2,70139,19483,-6.2
"2019Q1","2.2 Coal",32005,8890,8.3,2.5,-15.2,32005,8890,-15.2
"2019Q1","2.3 Natural gas",27443,7623,7.1,36.3,-9.3,27443,7623,-9.3
"2019Q1","2.4 Peat",23141,6428,6.0,47.9,-14.9,23141,6428,-14.9
"2019Q1","2.5 Other fossil fuels",3097,860,0.8,0.7,0.7,3097,860,0.7
"2019Q1","3 Nuclear energy",65675,18243,17.0,2.5,0.3,65675,18243,0.3
"2019Q1","4 Net imports of electricity",20449,5680,5.3,17.2,9.9,20449,5680,9.9
"2019Q1","5 Others",2057,571,0.5,-3.3,-3.3,2057,571,-3.3
"2019Q2","SSS TOTAL ENERGY CONSUMPTION",312404,86779,100.0,-19.2,0.6,698783,194106,-2.8
"2019Q2","1 Renewable energy",121329,33702,38.8,-14.8,3.9,263701,73250,-0.8
"2019Q2","1.1 Hydro power",14134,3926,4.5,42.6,3.5,24042,6678,-16.3
"2019Q2","1.2 Wind power",4997,1388,1.6,-24.0,9.7,11575,3215,18.7
"2019Q2","1.3 Wood fuels",88682,24634,28.4,-15.2,2.7,193239,53677,-0.1
"2019Q2","1.4 Other renewable energy",13517,3755,4.3,-36.6,10.6,34846,9679,2.8
"2019Q2","2 Fossil fuels and peat",117529,32647,37.6,-24.6,-3.5,273354,75932,-7.3
"2019Q2","2.1 Oil (fossil)",69901,19417,22.4,-0.3,-2.7,140040,38900,-4.5
"2019Q2","2.2 Coal",20997,5833,6.7,-34.4,-13.0,53002,14723,-14.3
"2019Q2","2.3 Natural gas",13568,3769,4.3,-50.6,16.9,41011,11392,-2.0
"2019Q2","2.4 Peat",9966,2768,3.2,-56.9,-10.2,33107,9196,-13.6
"2019Q2","2.5 Other fossil fuels",3097,860,1.0,0.0,0.7,6194,1720,0.7
"2019Q2","3 Nuclear energy",57349,15930,18.4,-12.7,9.3,123024,34173,4.3
"2019Q2","4 Net imports of electricity",14141,3928,4.5,-30.9,-19.3,34590,9608,-4.3
"2019Q2","5 Others",2057,571,0.7,0.0,-3.3,4114,1143,-3.3
"2019Q3","SSS TOTAL ENERGY CONSUMPTION",302491,84025,100.0,-3.2,-0.4,1001275,278132,-2.1
"2019Q3","1 Renewable energy",111506,30974,36.9,-8.1,2.5,375208,104224,0.2
"2019Q3","1.1 Hydro power",8862,2462,2.9,-37.3,11.0,32904,9140,-10.4
"2019Q3","1.2 Wind power",4285,1190,1.4,-14.2,-13.3,15860,4406,7.9
"2019Q3","1.3 Wood fuels",86613,24059,28.6,-2.3,1.0,279852,77737,0.2
"2019Q3","1.4 Other renewable energy",11746,3263,3.9,-13.1,16.0,46592,12942,5.9
"2019Q3","2 Fossil fuels and peat",110036,30566,36.4,-6.4,-6.7,383390,106497,-7.1
"2019Q3","2.1 Oil (fossil)",73445,20401,24.3,5.1,1.3,213485,59301,-2.6
"2019Q3","2.2 Coal",14179,3939,4.7,-32.5,-31.7,67182,18662,-18.7
"2019Q3","2.3 Natural gas",12514,3476,4.1,-7.8,-8.4,53525,14868,-3.6
"2019Q3","2.4 Peat",6801,1889,2.3,-31.8,-14.3,39908,11086,-13.7
"2019Q3","2.5 Other fossil fuels",3097,860,1.0,0.0,0.7,9290,2581,0.7
"2019Q3","3 Nuclear energy",59699,16583,19.7,4.1,5.3,182723,50756,4.6
"2019Q3","4 Net imports of electricity",19193,5332,6.4,35.7,5.5,53784,14940,-1.0
"2019Q3","5 Others",2057,571,0.7,0.0,-3.3,6171,1714,-3.3
"2019Q4","SSS TOTAL ENERGY CONSUMPTION",359793,99942,100.0,18.9,0.9,1361068,378074,-1.3
"2019Q4","1 Renewable energy",135796,37721,37.7,21.8,4.6,511004,141945,1.3
"2019Q4","1.1 Hydro power",11184,3107,3.1,26.2,5.7,44087,12246,-6.8
"2019Q4","1.2 Wind power",5829,1619,1.6,36.0,-7.8,21689,6025,3.2
"2019Q4","1.3 Wood fuels",100150,27819,27.8,15.6,4.9,380002,105556,1.4
"2019Q4","1.4 Other renewable energy",18633,5176,5.2,58.6,6.7,65225,18118,6.1
"2019Q4","2 Fossil fuels and peat",136315,37865,37.9,23.9,-4.7,519705,144363,-6.5
"2019Q4","2.1 Oil (fossil)",72951,20264,20.3,-0.7,0.1,286436,79565,-1.9
"2019Q4","2.2 Coal",23796,6610,6.6,67.8,-23.8,90978,25272,-20.1
"2019Q4","2.3 Natural gas",19728,5480,5.5,57.7,-2.0,73253,20348,-3.2
"2019Q4","2.4 Peat",16744,4651,4.7,146.2,7.0,56652,15737,-8.4
"2019Q4","2.5 Other fossil fuels",3097,860,0.9,0.0,0.7,12387,3441,0.7
"2019Q4","3 Nuclear energy",67258,18683,18.7,12.7,5.0,249981,69439,4.7
"2019Q4","4 Net imports of electricity",18367,5102,5.1,-4.3,5.3,72151,20042,0.5
"2019Q4","5 Others",2057,571,0.6,0.0,-3.3,8227,2285,-3.3
"2020Q1","SSS TOTAL ENERGY CONSUMPTION",351697,97694,100.0,-2.3,-9.0,351697,97694,-9.0
"2020Q1","1 Renewable energy",134731,37425,38.3,-0.8,-5.4,134731,37425,-5.4
"2020Q1","1.1 Hydro power",15405,4279,4.4,37.8,55.5,15405,4279,55.5
"2020Q1","1.2 Wind power",9641,2678,2.7,65.4,46.6,9641,2678,46.6
"2020Q1","1.3 Wood fuels",92443,25679,26.3,-7.7,-11.6,92443,25679,-11.6
"2020Q1","1.4 Other renewable energy",17242,4789,4.9,-7.5,-19.2,17242,4789,-19.2
"2020Q1","2 Fossil fuels and peat",134747,37430,38.3,-1.2,-13.5,134747,37430,-13.5
"2020Q1","2.1 Oil (fossil)",66480,18467,18.9,-8.9,-5.2,66480,18467,-5.2
"2020Q1","2.2 Coal",24791,6886,7.1,4.2,-22.5,24791,6886,-22.5
"2020Q1","2.3 Natural gas",22124,6145,6.3,12.1,-19.4,22124,6145,-19.4
"2020Q1","2.4 Peat",18493,5137,5.3,10.5,-20.1,18493,5137,-20.1
"2020Q1","2.5 Other fossil fuels",2860,794,0.8,-7.7,-7.7,2860,794,-7.7
"2020Q1","3 Nuclear energy",66096,18360,18.8,-1.7,0.6,66096,18360,0.6
"2020Q1","4 Net imports of electricity",13778,3827,3.9,-25.0,-32.6,13778,3827,-32.6
"2020Q1","5 Others",2345,651,0.7,14.0,14.0,2345,651,14.0
"2020Q2","SSS TOTAL ENERGY CONSUMPTION",302264,83962,100.0,-14.1,-3.3,653961,181656,-6.4
"2020Q2","1 Renewable energy",122829,34119,40.6,-8.8,1.2,257559,71544,-2.3
"2020Q2","1.1 Hydro power",14535,4038,4.8,-5.6,2.8,29940,8317,24.5
"2020Q2","1.2 Wind power",4976,1382,1.7,-48.4,-0.4,14617,4060,26.3
"2020Q2","1.3 Wood fuels",88559,24600,29.3,-4.2,-0.1,181002,50278,-6.3
"2020Q2","1.4 Other renewable energy",14759,4100,4.9,-14.4,9.2,32001,8889,-8.2
"2020Q2","2 Fossil fuels and peat",106978,29716,35.4,-20.6,-9.0,241726,67146,-11.6
"2020Q2","2.1 Oil (fossil)",66542,18484,22.0,0.1,-4.8,133022,36950,-5.0
"2020Q2","2.2 Coal",14450,4014,4.8,-41.7,-31.2,39241,10900,-26.0
"2020Q2","2.3 Natural gas",14587,4052,4.8,-34.1,7.5,36711,10197,-10.5
"2020Q2","2.4 Peat",8540,2372,2.8,-53.8,-14.3,27032,7509,-18.4
"2020Q2","2.5 Other fossil fuels",2860,794,1.0,0.0,-7.7,5720,1589,-7.7
"2020Q2","3 Nuclear energy",58195,16165,19.3,-12.0,1.5,124291,34525,1.0
"2020Q2","4 Net imports of electricity",11913,3309,3.9,-13.5,-15.8,25691,7136,-25.7
"2020Q2","5 Others",2349,652,0.8,0.2,14.2,4694,1304,14.1
"2020Q3","SSS TOTAL ENERGY CONSUMPTION",287285,79801,100.0,-5.0,-5.0,941246,261457,-6.0
"2020Q3","1 Renewable energy",112104,31140,39.0,-8.7,0.5,369663,102684,-1.5
"2020Q3","1.1 Hydro power",11318,3144,3.9,-22.1,27.7,41258,11461,25.4
"2020Q3","1.2 Wind power",5397,1499,1.9,8.5,25.9,20013,5559,26.2
"2020Q3","1.3 Wood fuels",81662,22684,28.4,-7.8,-5.7,262664,72962,-6.1
"2020Q3","1.4 Other renewable energy",13727,3813,4.8,-7.0,16.9,45728,12702,-1.9
"2020Q3","2 Fossil fuels and peat",100426,27896,35.0,-6.1,-8.7,342152,95042,-10.8
"2020Q3","2.1 Oil (fossil)",67205,18668,23.4,1.0,-8.5,200227,55618,-6.2
"2020Q3","2.2 Coal",10519,2922,3.7,-27.2,-25.8,49760,13822,-25.9
"2020Q3","2.3 Natural gas",15920,4422,5.5,9.1,27.2,52631,14620,-1.7
"2020Q3","2.4 Peat",3923,1090,1.4,-54.1,-42.3,30955,8599,-22.4
"2020Q3","2.5 Other fossil fuels",2860,794,1.0,0.0,-7.7,8580,2383,-7.7
"2020Q3","3 Nuclear energy",57882,16078,20.2,-0.5,-3.0,182173,50604,-0.3
"2020Q3","4 Net imports of electricity",14524,4034,5.1,21.9,-24.3,40215,11171,-25.2
"2020Q3","5 Others",2349,652,0.8,0.0,14.2,7043,1956,14.1
"2020Q4","SSS TOTAL ENERGY CONSUMPTION",334489,92914,100.0,16.4,-7.0,1275735,354371,-6.3
"2020Q4","1 Renewable energy",131410,36503,39.3,17.2,-3.2,501074,139187,-1.9
"2020Q4","1.1 Hydro power",15152,4209,4.5,33.9,35.5,56410,15669,28.0
"2020Q4","1.2 Wind power",8564,2379,2.6,58.7,46.9,28577,7938,31.8
"2020Q4","1.3 Wood fuels",91333,25370,27.3,11.8,-8.8,353997,98333,-6.8
"2020Q4","1.4 Other renewable energy",16362,4545,4.9,19.2,-12.2,62090,17247,-4.8
"2020Q4","2 Fossil fuels and peat",124876,34688,37.3,24.4,-8.4,467029,129730,-10.1
"2020Q4","2.1 Oil (fossil)",67632,18787,20.2,0.6,-7.3,267859,74405,-6.5
"2020Q4","2.2 Coal",20454,5682,6.1,94.5,-14.0,70214,19504,-22.8
"2020Q4","2.3 Natural gas",21955,6099,6.6,37.9,11.3,74585,20718,1.8
"2020Q4","2.4 Peat",11975,3326,3.6,205.3,-28.5,42930,11925,-24.2
"2020Q4","2.5 Other fossil fuels",2860,794,0.9,0.0,-7.7,11440,3178,-7.7
"2020Q4","3 Nuclear energy",61691,17137,18.4,6.6,-8.3,243864,67740,-2.5
"2020Q4","4 Net imports of electricity",14162,3934,4.2,-2.5,-22.9,54377,15105,-24.6
"2020Q4","5 Others",2349,652,0.7,0.0,14.2,9391,2609,14.2
"2021Q1","SSS TOTAL ENERGY CONSUMPTION",385923,107201,100.0,15.4,9.7,385923,107201,9.7
"2021Q1","1 Renewable energy",161328,44813,41.8,22.8,19.7,161328,44813,19.7
"2021Q1","1.1 Hydro power",14930,4147,3.9,-1.5,-3.1,14930,4147,-3.1
"2021Q1","1.2 Wind power",7417,2060,1.9,-13.4,-23.1,7417,2060,-23.1
"2021Q1","1.3 Wood fuels",114800,31889,29.8,25.7,24.2,114800,31889,24.2
"2021Q1","1.4 Other renewable energy",24181,6717,6.3,47.8,40.3,24181,6717,40.3
"2021Q1","2 Fossil fuels and peat",138848,38569,36.0,11.2,3.0,138848,38569,3.0
"2021Q1","2.1 Oil (fossil)",60431,16786,15.7,-10.7,-9.1,60431,16786,-9.1
"2021Q1","2.2 Coal",25459,7072,6.6,24.5,2.7,25459,7072,2.7
"2021Q1","2.3 Natural gas",32451,9014,8.4,47.8,46.7,32451,9014,46.7
"2021Q1","2.4 Peat",17320,4811,4.5,44.6,-6.3,17320,4811,-6.3
"2021Q1","2.5 Other fossil fuels",3187,885,0.8,11.4,11.4,3187,885,11.4
"2021Q1","3 Nuclear energy",65906,18307,17.1,6.8,-0.3,65906,18307,-0.3
"2021Q1","4 Net imports of electricity",17517,4866,4.5,23.7,27.1,17517,4866,27.1
"2021Q1","5 Others",2324,645,0.6,-1.1,-0.9,2324,645,-0.9
"2021Q2","SSS TOTAL ENERGY CONSUMPTION",307382,85384,100.0,-20.4,1.7,693304,192585,6.0
"2021Q2","1 Renewable energy",137837,38288,44.8,-14.6,12.2,299165,83101,16.2
"2021Q2","1.1 Hydro power",15638,4344,5.1,4.7,7.6,30569,8491,2.1
"2021Q2","1.2 Wind power",5668,1574,1.8,-23.6,13.9,13085,3635,-10.5
"2021Q2","1.3 Wood fuels",97466,27074,31.7,-15.1,10.1,212266,58963,17.3
"2021Q2","1.4 Other renewable energy",19064,5295,6.2,-21.2,29.2,43245,12012,35.1
"2021Q2","2 Fossil fuels and peat",99060,27517,32.2,-28.7,-7.4,237908,66086,-1.6
"2021Q2","2.1 Oil (fossil)",61387,17052,20.0,1.6,-7.8,121817,33838,-8.4
"2021Q2","2.2 Coal",16817,4672,5.5,-33.9,16.4,42276,11743,7.7
"2021Q2","2.3 Natural gas",12661,3517,4.1,-61.0,-13.2,45112,12531,22.9
"2021Q2","2.4 Peat",5009,1391,1.6,-71.1,-41.4,22329,6202,-17.4
"2021Q2","2.5 Other fossil fuels",3187,885,1.0,0.0,11.4,6374,1770,11.4
"2021Q2","3 Nuclear energy",53698,14916,17.5,-18.5,-7.7,119604,33223,-3.8
"2021Q2","4 Net imports of electricity",14463,4017,4.7,-17.4,21.4,31980,8883,24.5
"2021Q2","5 Others",2324,645,0.8,0.0,-1.1,4647,1291,-1.0
"2021Q3","SSS TOTAL ENERGY CONSUMPTION",298713,82976,100.0,-2.8,4.0,992017,275560,5.4
"2021Q3","1 Renewable energy",118486,32913,39.7,-14.0,5.7,417651,116014,13.0
"2021Q3","1.1 Hydro power",11064,3073,3.7,-29.3,-2.2,41633,11565,0.9
"2021Q3","1.2 Wind power",6009,1669,2.0,6.0,11.4,19094,5304,-4.6
"2021Q3","1.3 Wood fuels",83451,23181,27.9,-14.4,2.2,295717,82144,12.6
"2021Q3","1.4 Other renewable energy",17961,4989,6.0,-5.8,30.8,61206,17002,33.9
"2021Q3","2 Fossil fuels and peat",101317,28144,33.9,2.3,0.9,339225,94229,-0.9
"2021Q3","2.1 Oil (fossil)",65182,18106,21.8,6.2,-3.0,186999,51944,-6.6
"2021Q3","2.2 Coal",15863,4407,5.3,-5.7,50.8,58140,16150,16.8
"2021Q3","2.3 Natural gas",13421,3728,4.5,6.0,-15.7,58533,16259,11.2
"2021Q3","2.4 Peat",3664,1018,1.2,-26.8,-6.6,25993,7220,-16.0
"2021Q3","2.5 Other fossil fuels",3187,885,1.1,0.0,11.4,9560,2656,11.4
"2021Q3","3 Nuclear energy",60189,16719,20.2,12.1,4.0,179794,49943,-1.3
"2021Q3","4 Net imports of electricity",16397,4555,5.5,13.4,12.9,48377,13438,20.3
"2021Q3","5 Others",2324,645,0.8,0.0,-1.1,6971,1936,-1.0
"2021Q4","SSS TOTAL ENERGY CONSUMPTION",366159,101711,100.0,22.6,9.5,1358177,377271,6.5
"2021Q4","1 Renewable energy",154571,42936,42.2,30.5,17.6,572222,158950,14.2
"2021Q4","1.1 Hydro power",14613,4059,4.0,32.1,-3.6,56246,15624,-0.3
"2021Q4","1.2 Wind power",10352,2876,2.8,72.3,20.9,29446,8180,3.0
"2021Q4","1.3 Wood fuels",106907,29696,29.2,28.1,17.1,402624,111840,13.7
"2021Q4","1.4 Other renewable energy",22699,6305,6.2,26.4,38.7,83905,23307,35.1
"2021Q4","2 Fossil fuels and peat",126423,35117,34.5,24.8,1.2,465648,129347,-0.3
"2021Q4","2.1 Oil (fossil)",68987,19163,18.8,5.8,2.0,255987,71107,-4.4
"2021Q4","2.2 Coal",25944,7207,7.1,63.6,26.8,84084,23357,19.8
"2021Q4","2.3 Natural gas",16046,4457,4.4,19.6,-26.9,74578,20716,0.0
"2021Q4","2.4 Peat",12259,3405,3.4,234.5,2.4,38252,10625,-10.9
"2021Q4","2.5 Other fossil fuels",3187,885,0.9,0.0,11.4,12747,3541,11.4
"2021Q4","3 Nuclear energy",67253,18682,18.4,11.7,9.0,247047,68624,1.3
"2021Q4","4 Net imports of electricity",15589,4330,4.3,-4.9,10.1,63965,17768,17.6
"2021Q4","5 Others",2324,645,0.6,0.0,-1.1,9295,2582,-1.0
"2022Q1","SSS TOTAL ENERGY CONSUMPTION",348989,96941,100.0,-4.7,-9.6,348989,96941,-9.6
"2022Q1","1 Renewable energy",138557,38488,39.7,-10.4,-14.1,138557,38488,-14.1
"2022Q1","1.1 Hydro power",12570,3492,3.6,-14.0,-15.8,12570,3492,-15.8
"2022Q1","1.2 Wind power",12610,3503,3.6,21.8,70.0,12610,3503,70.0
"2022Q1","1.3 Wood fuels",91134,25315,26.1,-14.8,-20.6,91134,25315,-20.6
"2022Q1","1.4 Other renewable energy",22243,6179,6.4,-2.0,-8.0,22243,6179,-8.0
"2022Q1","2 Fossil fuels and peat",125432,34842,35.9,-0.8,-9.7,125432,34842,-9.7
"2022Q1","2.1 Oil (fossil)",67553,18765,19.4,-2.1,11.8,67553,18765,11.8
"2022Q1","2.2 Coal",23913,6642,6.9,-7.8,-6.1,23913,6642,-6.1
"2022Q1","2.3 Natural gas",16515,4587,4.7,2.9,-49.1,16515,4587,-49.1
"2022Q1","2.4 Peat",14259,3961,4.1,16.3,-17.7,14259,3961,-17.7
"2022Q1","2.5 Other fossil fuels",3192,887,0.9,0.2,0.2,3192,887,0.2
"2022Q1","3 Nuclear energy",67255,18682,19.3,0.0,2.1,67255,18682,2.1
"2022Q1","4 Net imports of electricity",15692,4359,4.5,0.7,-10.4,15692,4359,-10.4
"2022Q1","5 Others",2053,570,0.6,-11.7,-11.7,2053,570,-11.7
"2022Q2","SSS TOTAL ENERGY CONSUMPTION",298518,82922,100.0,-14.5,-2.9,647507,179863,-6.6
"2022Q2","1 Renewable energy",126959,35266,42.5,-8.4,-7.9,265516,73754,-11.3
"2022Q2","1.1 Hydro power",14893,4137,5.0,18.5,-4.8,27464,7629,-10.2
"2022Q2","1.2 Wind power",7980,2217,2.7,-36.7,40.8,20590,5719,57.4
"2022Q2","1.3 Wood fuels",84575,23493,28.3,-7.2,-13.2,175709,48808,-17.2
"2022Q2","1.4 Other renewable energy",19510,5420,6.5,-12.3,2.3,41754,11598,-3.5
"2022Q2","2 Fossil fuels and peat",98704,27418,33.1,-21.3,-0.4,224135,62260,-5.8
"2022Q2","2.1 Oil (fossil)",60801,16889,20.4,-10.0,-1.0,128354,35654,5.4
"2022Q2","2.2 Coal",18024,5007,6.0,-24.6,7.2,41936,11649,-0.8
"2022Q2","2.3 Natural gas",8307,2307,2.8,-49.7,-34.4,24822,6895,-45.0
"2022Q2","2.4 Peat",8380,2328,2.8,-41.2,67.3,22639,6289,1.4
"2022Q2","2.5 Other fossil fuels",3192,887,1.1,0.0,0.2,6384,1773,0.2
"2022Q2","3 Nuclear energy",60421,16784,20.2,-10.2,12.5,127676,35466,6.8
"2022Q2","4 Net imports of electricity",10382,2884,3.5,-33.8,-28.2,26074,7243,-18.5
"2022Q2","5 Others",2053,570,0.7,0.0,-11.7,4106,1141,-11.7
"2022Q3","SSS TOTAL ENERGY CONSUMPTION",302602,84056,100.0,1.4,1.3,950109,263919,-4.2
"2022Q3","1 Renewable energy",127404,35390,42.1,0.4,7.5,392920,109144,-5.9
"2022Q3","1.1 Hydro power",10572,2937,3.5,-29.0,-4.5,38036,10565,-8.6
"2022Q3","1.2 Wind power",8675,2410,2.9,8.7,44.4,29264,8129,53.3
"2022Q3","1.3 Wood fuels",89445,24846,29.6,5.8,7.2,265154,73654,-10.3
"2022Q3","1.4 Other renewable energy",18712,5198,6.2,-4.1,4.2,60466,16796,-1.2
"2022Q3","2 Fossil fuels and peat",96733,26870,32.0,-2.0,-4.5,320868,89130,-5.4
"2022Q3","2.1 Oil (fossil)",68120,18922,22.5,12.0,4.5,196474,54576,5.1
"2022Q3","2.2 Coal",15022,4173,5.0,-16.7,-5.3,56958,15822,-2.0
"2022Q3","2.3 Natural gas",6667,1852,2.2,-19.8,-50.3,31488,8747,-46.2
"2022Q3","2.4 Peat",3733,1037,1.2,-55.5,1.9,26372,7326,1.5
"2022Q3","2.5 Other fossil fuels",3192,887,1.1,0.0,0.2,9576,2660,0.2
"2022Q3","3 Nuclear energy",66535,18482,22.0,10.1,10.5,194211,53948,8.0
"2022Q3","4 Net imports of electricity",9877,2744,3.3,-4.9,-39.8,35952,9987,-25.7
"2022Q3","5 Others",2053,570,0.7,0.0,-11.7,6159,1711,-11.7
"2022Q4","SSS TOTAL ENERGY CONSUMPTION",342139,95039,100.0,13.1,-6.6,1292248,358958,-4.9
"2022Q4","1 Renewable energy",145652,40459,42.6,14.3,-5.8,538572,149603,-5.9
"2022Q4","1.1 Hydro power",9978,2772,2.9,-5.6,-31.7,48014,13337,-14.6
"2022Q4","1.2 Wind power",12350,3431,3.6,42.4,19.3,41615,11560,41.3
"2022Q4","1.3 Wood fuels",101904,28307,29.8,13.9,-4.7,367058,101960,-8.8
"2022Q4","1.4 Other renewable energy",21420,5950,6.3,14.5,-5.6,81886,22746,-2.4
"2022Q4","2 Fossil fuels and peat",115076,31965,33.6,19.0,-9.0,435944,121095,-6.4
"2022Q4","2.1 Oil (fossil)",68563,19045,20.0,0.7,-0.6,265036,73621,3.5
"2022Q4","2.2 Coal",26119,7255,7.6,73.9,0.7,83078,23077,-1.2
"2022Q4","2.3 Natural gas",6911,1920,2.0,3.7,-56.9,38400,10667,-48.5
"2022Q4","2.4 Peat",10291,2859,3.0,175.7,-16.1,36663,10184,-4.2
"2022Q4","2.5 Other fossil fuels",3192,887,0.9,0.0,0.2,12767,3547,0.2
"2022Q4","3 Nuclear energy",70247,19513,20.5,5.6,4.5,264458,73461,7.1
"2022Q4","4 Net imports of electricity",9111,2531,2.7,-7.8,-41.6,45063,12518,-29.6
"2022Q4","5 Others",2053,570,0.6,0.0,-11.7,8212,2281,-11.7
"2023Q1","SSS TOTAL ENERGY CONSUMPTION",349073,96965,100.0,2.0,0.0,349073,96965,0.0
"2023Q1","1 Renewable energy",156148,43374,44.7,7.2,12.7,156148,43374,12.7
"2023Q1","1.1 Hydro power",12632,3509,3.6,26.6,0.5,12632,3509,0.5
"2023Q1","1.2 Wind power",17048,4735,4.9,38.0,35.2,17048,4735,35.2
"2023Q1","1.3 Wood fuels",103228,28674,29.6,1.3,13.3,103228,28674,13.3
"2023Q1","1.4 Other renewable energy",23241,6456,6.7,8.5,4.5,23241,6456,4.5
"2023Q1","2 Fossil fuels and peat",110806,30780,31.7,-3.7,-11.7,110806,30780,-11.7
"2023Q1","2.1 Oil (fossil)",60346,16763,17.3,-12.0,-10.7,60346,16763,-10.7
"2023Q1","2.2 Coal",23858,6627,6.8,-8.7,-0.2,23858,6627,-0.2
"2023Q1","2.3 Natural gas",10890,3025,3.1,57.6,-34.1,10890,3025,-34.1
"2023Q1","2.4 Peat",12557,3488,3.6,22.0,-11.9,12557,3488,-11.9
"2023Q1","2.5 Other fossil fuels",3157,877,0.9,-1.1,-1.1,3157,877,-1.1
"2023Q1","3 Nuclear energy",75315,20921,21.6,7.2,12.0,75315,20921,12.0
"2023Q1","4 Net imports of electricity",4837,1344,1.4,-46.9,-69.2,4837,1344,-69.2
"2023Q1","5 Others",1967,546,0.6,-4.2,-4.2,1967,546,-4.2
"2023Q2","SSS TOTAL ENERGY CONSUMPTION",304777,84660,100.0,-12.7,2.1,653850,181625,1.0
"2023Q2","1 Renewable energy",123677,34355,40.6,-20.8,-2.6,279825,77729,5.4
"2023Q2","1.1 Hydro power",13186,3663,4.3,4.4,-11.5,25818,7172,-6.0
"2023Q2","1.2 Wind power",10781,2995,3.5,-36.8,35.1,27829,7730,35.2
"2023Q2","1.3 Wood fuels",79456,22071,26.1,-23.0,-6.1,182684,50745,4.0
"2023Q2","1.4 Other renewable energy",20254,5626,6.7,-12.9,3.8,43494,12082,4.2
"2023Q2","2 Fossil fuels and peat",88616,24616,29.1,-20.0,-10.2,199423,55395,-11.0
"2023Q2","2.1 Oil (fossil)",59664,16573,19.6,-1.1,-1.9,120010,33336,-6.5
"2023Q2","2.2 Coal",13902,3862,4.6,-41.7,-22.9,37759,10489,-10.0
"2023Q2","2.3 Natural gas",8262,2295,2.7,-24.1,-0.5,19152,5320,-22.8
"2023Q2","2.4 Peat",3632,1009,1.2,-71.1,-56.7,16188,4497,-28.5
"2023Q2","2.5 Other fossil fuels",3157,877,1.0,0.0,-1.1,6314,1754,-1.1
"2023Q2","3 Nuclear energy",92566,25713,30.4,22.9,53.2,167881,46634,31.5
"2023Q2","4 Net imports of electricity",-2049,-569,-0.7,-142.4,-119.7,2788,774,-89.3
"2023Q2","5 Others",1967,546,0.7,0.0,-4.2,3934,1093,-4.2
"2023Q3","SSS TOTAL ENERGY CONSUMPTION",295170,81992,100.0,-3.2,-2.5,949020,263617,-0.1
"2023Q3","1 Renewable energy",117318,32588,39.8,-5.1,-7.9,397143,110317,1.1
"2023Q3","1.1 Hydro power",12725,3535,4.3,-3.5,20.4,38543,10706,1.3
"2023Q3","1.2 Wind power",10469,2908,3.6,-2.9,20.7,38297,10638,30.9
"2023Q3","1.3 Wood fuels",75764,21046,25.7,-4.7,-15.3,258448,71791,-2.5
"2023Q3","1.4 Other renewable energy",18360,5100,6.2,-9.4,-1.9,61854,17182,2.3
"2023Q3","2 Fossil fuels and peat",87468,24297,29.6,-1.3,-9.6,286891,79692,-10.6
"2023Q3","2.1 Oil (fossil)",62095,17249,21.0,4.1,-8.8,182105,50585,-7.3
"2023Q3","2.2 Coal",11704,3251,4.0,-15.8,-22.1,49463,13740,-13.2
"2023Q3","2.3 Natural gas",9249,2569,3.1,12.0,38.7,28400,7889,-9.8
"2023Q3","2.4 Peat",1264,351,0.4,-65.2,-66.2,17452,4848,-33.8
"2023Q3","2.5 Other fossil fuels",3157,877,1.1,0.0,-1.1,9471,2631,-1.1
"2023Q3","3 Nuclear energy",89336,24815,30.3,-3.5,34.3,257217,71449,32.4
"2023Q3","4 Net imports of electricity",-919,-255,-0.3,-55.1,-109.3,1869,519,-94.8
"2023Q3","5 Others",1967,546,0.7,0.0,-4.2,5901,1639,-4.2
"2023Q4","SSS TOTAL ENERGY CONSUMPTION",367855,102182,100.0,24.6,7.5,1316875,365799,1.9
"2023Q4","1 Renewable energy",157254,43682,42.8,34.0,8.0,554397,153999,2.9
"2023Q4","1.1 Hydro power",15551,4320,4.2,22.2,55.9,54095,15026,12.7
"2023Q4","1.2 Wind power",13775,3826,3.7,31.6,11.5,52073,14465,25.1
"2023Q4","1.3 Wood fuels",104779,29105,28.5,38.3,2.8,363227,100896,-1.0
"2023Q4","1.4 Other renewable energy",23148,6430,6.3,26.1,8.1,85003,23612,3.8
"2023Q4","2 Fossil fuels and peat",104137,28927,28.3,19.1,-9.5,391028,108619,-10.3
"2023Q4","2.1 Oil (fossil)",64298,17861,17.5,3.6,-6.2,246403,68445,-7.0
"2023Q4","2.2 Coal",15085,4190,4.1,28.9,-42.3,64548,17930,-22.3
"2023Q4","2.3 Natural gas",13476,3743,3.7,45.7,95.0,41876,11632,9.1
"2023Q4","2.4 Peat",8122,2256,2.2,542.7,-21.1,25574,7104,-30.3
"2023Q4","2.5 Other fossil fuels",3157,877,0.9,0.0,-1.1,12628,3508,-1.1
"2023Q4","3 Nuclear energy",100158,27822,27.2,12.1,42.6,357375,99271,35.1
"2023Q4","4 Net imports of electricity",4339,1205,1.2,-572.0,-52.4,6207,1724,-86.2
"2023Q4","5 Others",1967,546,0.5,0.0,-4.2,7867,2185,-4.2
"2024Q1*","SSS TOTAL ENERGY CONSUMPTION",375212,104226,100.0,2.0,7.5,375212,104226,7.5
"2024Q1*","1 Renewable energy",160598,44611,42.8,2.1,2.9,160598,44611,2.9
"2024Q1*","1.1 Hydro power",13339,3705,3.6,-14.2,5.6,13339,3705,5.6
"2024Q1*","1.2 Wind power",19065,5296,5.1,38.4,11.8,19065,5296,11.8
"2024Q1*","1.3 Wood fuels",104269,28964,27.8,-0.5,1.0,104269,28964,1.0
"2024Q1*","1.4 Other renewable energy",23925,6646,6.4,3.4,3.0,23925,6646,3.0
"2024Q1*","2 Fossil fuels and peat",114329,31758,30.5,9.8,3.2,114329,31758,3.2
"2024Q1*","2.1 Oil (fossil)",65779,18272,17.5,2.3,9.0,65779,18272,9.0
"2024Q1*","2.2 Coal",17283,4801,4.6,14.6,-27.6,17283,4801,-27.6
"2024Q1*","2.3 Natural gas",17157,4766,4.6,27.3,57.6,17157,4766,57.6
"2024Q1*","2.4 Peat",10982,3050,2.9,35.2,-12.5,10982,3050,-12.5
"2024Q1*","2.5 Other fossil fuels",3128,869,0.8,-0.9,-0.9,3128,869,-0.9
"2024Q1*","3 Nuclear energy",90923,25256,24.2,-9.2,20.7,90923,25256,20.7
"2024Q1*","4 Net imports of electricity",7417,2060,2.0,71.0,53.3,7417,2060,53.3
"2024Q1*","5 Others",1945,540,0.5,-1.1,-1.1,1945,540,-1.1
"2024Q2*","SSS TOTAL ENERGY CONSUMPTION",283799,78833,100.0,-24.4,-6.9,659011,183059,0.8
"2024Q2*","1 Renewable energy",127729,35480,45.0,-20.5,3.3,288327,80091,3.0
"2024Q2*","1.1 Hydro power",15342,4262,5.4,15.0,16.4,28681,7967,11.1
"2024Q2*","1.2 Wind power",12091,3359,4.3,-36.6,12.2,31156,8654,12.0
"2024Q2*","1.3 Wood fuels",81124,22534,28.6,-22.2,2.1,185393,51498,1.5
"2024Q2*","1.4 Other renewable energy",19172,5325,6.8,-19.9,-5.3,43097,11971,-0.9
"2024Q2*","2 Fossil fuels and peat",79592,22109,28.1,-30.4,-10.2,193921,53867,-2.8
"2024Q2*","2.1 Oil (fossil)",52900,14694,18.6,-19.6,-11.3,118679,32966,-1.1
"2024Q2*","2.2 Coal",12145,3374,4.3,-29.7,-12.6,29428,8175,-22.1
"2024Q2*","2.3 Natural gas",8383,2329,3.0,-51.1,1.5,25540,7095,33.4
"2024Q2*","2.4 Peat",3035,843,1.1,-72.4,-16.4,14017,3894,-13.4
"2024Q2*","2.5 Other fossil fuels",3128,869,1.1,0.0,-0.9,6256,1738,-0.9
"2024Q2*","3 Nuclear energy",69807,19391,24.6,-23.2,-24.6,160730,44647,-4.3
"2024Q2*","4 Net imports of electricity",4726,1313,1.7,-36.3,-330.7,12143,3373,335.6
"2024Q2*","5 Others",1945,540,0.7,0.0,-1.1,3891,1081,-1.1
"2024Q3*","SSS TOTAL ENERGY CONSUMPTION",297573,82659,100.0,4.9,0.8,956584,265718,0.8
"2024Q3*","1 Renewable energy",119900,33306,40.3,-6.1,2.2,408227,113396,2.8
"2024Q3*","1.1 Hydro power",10849,3013,3.7,-29.3,-14.8,39530,10980,2.6
"2024Q3*","1.2 Wind power",13981,3883,4.7,15.6,33.6,45136,12538,17.9
"2024Q3*","1.3 Wood fuels",77794,21610,26.1,-4.1,2.7,263187,73107,1.8
"2024Q3*","1.4 Other renewable energy",17277,4799,5.8,-9.9,-5.9,60374,16770,-2.4
"2024Q3*","2 Fossil fuels and peat",88185,24496,29.6,10.8,0.8,282106,78363,-1.7
"2024Q3*","2.1 Oil (fossil)",64684,17968,21.7,22.3,4.2,183364,50934,0.7
"2024Q3*","2.2 Coal",10459,2905,3.5,-13.9,-10.6,39887,11080,-19.4
"2024Q3*","2.3 Natural gas",8771,2437,3.0,4.6,-5.2,34312,9531,20.8
"2024Q3*","2.4 Peat",1142,317,0.4,-62.4,-9.6,15159,4211,-13.1
"2024Q3*","2.5 Other fossil fuels",3128,869,1.1,0.0,-0.9,9384,2607,-0.9
"2024Q3*","3 Nuclear energy",86556,24043,29.1,24.0,-3.1,247286,68691,-3.9
"2024Q3*","4 Net imports of electricity",987,274,0.3,-79.1,-207.4,13130,3647,602.7
"2024Q3*","5 Others",1945,540,0.7,0.0,-1.1,5836,1621,-1.1
"2024Q4*","SSS TOTAL ENERGY CONSUMPTION",336086,93357,100.0,12.9,-8.6,1292670,359075,-1.8
"2024Q4*","1 Renewable energy",153572,42659,45.7,28.1,-2.3,561799,156055,1.3
"2024Q4*","1.1 Hydro power",11398,3166,3.4,5.1,-26.7,50928,14147,-5.9
"2024Q4*","1.2 Wind power",26353,7320,7.8,88.5,91.3,71490,19858,37.3
"2024Q4*","1.3 Wood fuels",95156,26432,28.3,22.3,-9.2,358343,99540,-1.3
"2024Q4*","1.4 Other renewable energy",20665,5740,6.2,19.6,-10.7,81038,22511,-4.7
"2024Q4*","2 Fossil fuels and peat",89905,24974,26.8,2.0,-13.7,372011,103336,-4.9
"2024Q4*","2.1 Oil (fossil)",57203,15890,17.0,-11.6,-11.0,240566,66824,-2.4
"2024Q4*","2.2 Coal",13589,3775,4.0,29.9,-9.9,53476,14854,-17.2
"2024Q4*","2.3 Natural gas",11275,3132,3.4,28.5,-16.3,45586,12663,8.9
"2024Q4*","2.4 Peat",4711,1309,1.4,312.4,-42.0,19870,5519,-22.3
"2024Q4*","2.5 Other fossil fuels",3128,869,0.9,0.0,-0.9,12512,3476,-0.9
"2024Q4*","3 Nuclear energy",92342,25651,27.5,6.7,-7.8,339628,94341,-5.0
"2024Q4*","4 Net imports of electricity",-1679,-466,-0.5,-270.1,-138.7,11452,3181,84.5
"2024Q4*","5 Others",1945,540,0.6,0.0,-1.1,7781,2161,-1.1
"2025Q1*","SSS TOTAL ENERGY CONSUMPTION",358470,99575,100.0,6.7,-4.5,358470,99575,-4.5
"2025Q1*","1 Renewable energy",171449,47625,47.8,11.6,6.8,171449,47625,6.8
"2025Q1*","1.1 Hydro power",11775,3271,3.3,3.3,-11.7,11775,3271,-11.7
"2025Q1*","1.2 Wind power",23447,6513,6.5,-11.0,23.0,23447,6513,23.0
"2025Q1*","1.3 Wood fuels",111521,30978,31.1,17.2,7.0,111521,30978,7.0
"2025Q1*","1.4 Other renewable energy",24705,6863,6.9,19.6,3.3,24705,6863,3.3
"2025Q1*","2 Fossil fuels and peat",93671,26020,26.1,4.2,-18.1,93671,26020,-18.1
"2025Q1*","2.1 Oil (fossil)",55309,15364,15.4,-3.3,-15.9,55309,15364,-15.9
"2025Q1*","2.2 Coal",14087,3913,3.9,3.7,-18.5,14087,3913,-18.5
"2025Q1*","2.3 Natural gas",13418,3727,3.7,19.0,-21.8,13418,3727,-21.8
"2025Q1*","2.4 Peat",8160,2267,2.3,73.2,-25.7,8160,2267,-25.7
"2025Q1*","2.5 Other fossil fuels",2697,749,0.8,-13.8,-13.8,2697,749,-13.8
"2025Q1*","3 Nuclear energy",84770,23547,23.7,-8.2,-6.8,84770,23547,-6.8
"2025Q1*","4 Net imports of electricity",6635,1843,1.9,-495.2,-10.6,6635,1843,-10.6
"2025Q1*","5 Others",1945,540,0.5,0.0,0.0,1945,540,0.0
"2025Q2*","SSS TOTAL ENERGY CONSUMPTION",299069,83075,100.0,-16.6,5.4,657539,182650,-0.2
"2025Q2*","1 Renewable energy",129907,36085,43.4,-24.2,1.7,301356,83710,4.5
"2025Q2*","1.1 Hydro power",12472,3464,4.2,5.9,-18.7,24247,6735,-15.5
"2025Q2*","1.2 Wind power",15595,4332,5.2,-33.5,29.0,39042,10845,25.3
"2025Q2*","1.3 Wood fuels",88439,24566,29.6,-20.7,9.0,199960,55544,7.9
"2025Q2*","1.4 Other renewable energy",13402,3723,4.5,-45.8,-30.1,38107,10585,-11.6
"2025Q2*","2 Fossil fuels and peat",90515,25143,30.3,-3.4,13.7,184186,51163,-5.0
"2025Q2*","2.1 Oil (fossil)",59631,16564,19.9,7.8,12.7,114939,31928,-3.2
"2025Q2*","2.2 Coal",10629,2952,3.6,-24.6,-12.5,24715,6865,-16.0
"2025Q2*","2.3 Natural gas",15081,4189,5.0,12.4,79.9,28499,7916,11.6
"2025Q2*","2.4 Peat",2478,688,0.8,-69.6,-18.4,10638,2955,-24.1
"2025Q2*","2.5 Other fossil fuels",2697,749,0.9,0.0,-13.8,5393,1498,-13.8
"2025Q2*","3 Nuclear energy",69191,19220,23.1,-18.4,-0.9,153961,42767,-4.2
"2025Q2*","4 Net imports of electricity",7511,2086,2.5,13.2,58.9,14145,3929,16.5
"2025Q2*","5 Others",1945,540,0.7,0.0,0.0,3891,1081,0.0
