"11al -- First registrations of vehicles, 2001-2025"

"Vehicle class","Region","2001 Number","2002 Number","2003 Number","2004 Number","2005 Number","2006 Number","2007 Number","2008 Number","2009 Number","2010 Number","2011 Number","2012 Number","2013 Number","2014 Number","2015 Number","2016 Number","2017 Number","2018 Number","2019 Number","2020 Number","2021 Number","2022 Number","2023 Number","2024 Number","2025 Number"
"All automobiles","MAINLAND FINLAND",127509,135367,166234,164741,168121,166673,147854,160998,103023,126418,144433,126514,117756,120111,123484,136441,138099,140393,133520,112974,115297,96651,102730,87817,71753
"All automobiles","Uusimaa",51790,54104,64706,65292,68022,68539,61460,66931,43738,53917,62309,54111,50905,52278,55194,60259,61451,62412,60811,51698,53144,45867,51030,42654,34374
"All automobiles","Southwest Finland",10923,11374,14341,14493,14398,14633,12522,13468,8691,10636,12028,10667,9951,10032,10133,11406,11725,11990,11285,9461,9730,7981,8498,7240,5943
"All automobiles","Satakunta",4784,5122,6560,6073,6139,6131,5523,5986,3748,4619,5099,4578,3997,4033,4198,4463,4655,4465,4019,3272,3305,2593,2591,2424,2038
"All automobiles","Kanta-Häme",3966,4314,5287,5057,5158,5079,4513,4567,2825,3591,4112,3614,3439,3412,3515,3878,3844,3804,3506,3019,2903,2339,2340,2061,1643
"All automobiles","Pirkanmaa",10027,10382,13138,13045,12838,12705,11552,12038,7762,9845,10850,9749,8955,8996,9052,10557,10593,10812,10085,8867,8881,7413,7700,6591,5525
"All automobiles","Päijät-Häme",4232,4567,5665,5464,5708,5640,5022,5441,3292,3961,4719,4133,3924,3987,4002,4447,4729,4770,4353,3742,3713,3122,2918,2643,2189
"All automobiles","Kymenlaakso",4411,4593,5748,5830,5678,5552,4768,5039,3119,4008,4345,3672,3531,3673,3616,3960,3992,3986,3814,3250,3204,2531,2449,2106,1794
"All automobiles","South Karelia",2991,3201,3854,3782,4010,3689,3409,3594,2174,2793,3351,2935,2690,2726,2618,2944,2944,3036,2723,2338,2428,1943,1806,1674,1337
"All automobiles","South Savo",2620,2992,3780,3638,3599,3589,3283,3485,2134,2622,2976,2712,2352,2475,2454,2616,2613,2718,2468,1991,2008,1617,1630,1298,1038
"All automobiles","North Savo",4691,4986,6215,5794,5939,6051,5255,6129,3846,4548,5432,4797,4258,4532,4415,5001,4952,5010,4746,4108,4229,3128,3183,2795,2313
"All automobiles","North Karelia",2462,2707,3466,3287,3382,3231,2780,3200,1982,2570,2908,2578,2360,2454,2323,2741,2774,2924,2663,2421,2440,1948,1924,1772,1484
"All automobiles","Central Finland",5163,5659,6819,6610,6725,6495,5520,5900,3904,4701,5345,4662,4255,4388,4432,5009,4916,5065,4610,3803,3768,3239,3193,2877,2205
"All automobiles","South Ostrobothnia",3694,4206,5283,5249,5130,5031,4486,5012,3252,3811,4207,3752,3405,3194,3321,3725,3561,3621,3417,2866,2932,2474,2518,2169,1807
"All automobiles","Ostrobothnia",3298,3527,4483,4417,4300,4204,3574,4024,2589,2965,3426,2880,2723,2591,2812,3048,2969,2895,2778,2220,2288,1825,1901,1769,1449
"All automobiles","Central Ostrobothnia",1231,1330,1585,1651,1702,1627,1359,1483,939,1151,1321,1189,1150,1122,1150,1319,1288,1240,1192,1009,1013,836,930,810,909
"All automobiles","North Ostrobothnia",6862,7457,9196,9054,9126,8555,7429,8413,5210,6163,6989,6141,5692,6027,6075,6567,6540,7004,6532,5320,5565,4504,4726,3892,3206
"All automobiles","Kainuu",1390,1464,1815,1819,1818,1722,1569,1827,1123,1230,1348,1238,1120,1031,995,1055,1118,1083,939,805,804,601,598,534,428
"All automobiles","Lapland",2972,3382,4292,4185,4446,4191,3824,4411,2632,3250,3653,3092,3016,3053,3133,3390,3370,3490,3414,2649,2817,2516,2562,2287,1889
"All automobiles","Unknown",2,0,1,0,1,2,3,15,21,13,5,2,16,95,30,27,27,34,70,50,51,66,66,69,73
"All automobiles","Foreign countries",0,0,0,1,2,7,3,35,42,24,10,12,17,12,16,29,38,34,95,85,74,108,167,152,109
"Passenger cars","MAINLAND FINLAND",109428,117034,147405,142642,148161,145700,125617,139669,90575,111989,126130,111258,103455,106235,108820,119000,118587,120505,114203,96418,98485,81700,87509,74075,60167
"Passenger cars","Uusimaa",45540,47876,58377,58349,60848,61171,53544,59146,38913,47903,54690,47683,44769,46850,49272,53221,53549,54280,52493,44803,45902,39015,43924,36347,29201
"Passenger cars","Southwest Finland",9292,9764,12693,12407,12644,12736,10524,11727,7652,9480,10551,9464,8844,8822,8929,9901,10058,10358,9813,8193,8450,6915,7421,6210,5139
"Passenger cars","Satakunta",3915,4261,5609,5058,5272,5176,4517,4988,3245,4070,4365,3972,3516,3513,3625,3787,3912,3718,3378,2728,2711,2115,2068,1941,1613
"Passenger cars","Kanta-Häme",3339,3634,4651,4313,4484,4335,3805,3921,2481,3181,3615,3178,3015,2995,3093,3381,3271,3266,3011,2581,2476,1979,1997,1708,1363
"Passenger cars","Pirkanmaa",8464,8912,11522,10894,11090,10874,9491,10251,6719,8770,9516,8596,7861,7860,7946,9231,9111,9188,8554,7360,7427,6124,6537,5440,4514
"Passenger cars","Päijät-Häme",3548,3815,4947,4708,4953,4923,4171,4660,2827,3442,4038,3569,3425,3370,3412,3816,3974,4033,3726,3173,3090,2604,2505,2202,1893
"Passenger cars","Kymenlaakso",3833,4036,5111,5077,5016,4944,4122,4385,2741,3635,3867,3257,3139,3316,3262,3527,3529,3491,3367,2815,2755,2144,2067,1822,1520
"Passenger cars","South Karelia",2615,2812,3475,3333,3605,3262,2987,3132,1933,2520,2961,2611,2411,2464,2349,2638,2588,2704,2356,2048,2102,1680,1561,1445,1142
"Passenger cars","South Savo",2203,2542,3284,3037,3097,3088,2690,2972,1863,2278,2557,2351,2055,2135,2131,2239,2206,2340,2068,1635,1700,1355,1331,1032,817
"Passenger cars","North Savo",3936,4242,5451,4973,5227,5177,4426,5269,3318,4034,4725,4167,3729,3969,3876,4322,4238,4246,4052,3514,3538,2676,2660,2366,1951
"Passenger cars","North Karelia",2052,2272,3016,2749,2925,2787,2329,2759,1733,2254,2520,2248,2068,2135,2017,2382,2392,2462,2241,1970,2045,1630,1554,1429,1171
"Passenger cars","Central Finland",4398,4906,6076,5740,5989,5697,4635,5110,3459,4182,4679,4160,3756,3864,3818,4298,4108,4300,3915,3218,3236,2672,2701,2407,1857
"Passenger cars","South Ostrobothnia",2937,3386,4417,4175,4339,4121,3579,4136,2726,3263,3525,3223,2883,2740,2787,3192,2938,2928,2828,2329,2437,2037,2079,1782,1433
"Passenger cars","Ostrobothnia",2729,2952,3919,3741,3720,3564,2985,3437,2266,2618,2994,2522,2350,2250,2456,2656,2521,2453,2346,1919,1953,1537,1540,1443,1143
"Passenger cars","Central Ostrobothnia",1020,1125,1381,1390,1436,1363,1127,1214,795,999,1115,1018,951,918,959,1034,984,939,888,789,797,672,687,635,682
"Passenger cars","North Ostrobothnia",5909,6437,8162,7699,8057,7465,6334,7313,4618,5469,6168,5476,5059,5399,5322,5617,5432,5923,5413,4401,4741,3780,4049,3348,2683
"Passenger cars","Kainuu",1185,1246,1577,1530,1560,1452,1278,1571,953,1055,1140,1090,989,905,867,904,928,922,777,657,663,498,489,460,360
"Passenger cars","Lapland",2512,2816,3736,3468,3896,3556,3067,3629,2271,2799,3089,2659,2606,2630,2654,2809,2793,2899,2837,2163,2352,2110,2122,1859,1525
"Passenger cars","Unknown",1,0,1,0,1,2,3,14,20,13,5,2,16,88,29,17,18,24,47,41,40,49,57,53,56
"Passenger cars","Foreign countries",0,0,0,1,2,7,3,35,42,24,10,12,13,12,16,28,37,31,93,81,70,108,160,146,104
"Vans","MAINLAND FINLAND",12863,12891,12752,15769,14090,15268,16888,15522,8678,11046,14492,11469,10405,10625,11431,13525,15525,15515,14704,12842,12894,11193,11023,9737,8750
"Vans","Uusimaa",4605,4575,4647,5127,5364,5602,6143,5837,3410,4609,6197,4954,4753,4267,4853,5667,6628,6698,6607,5711,5874,5567,5775,5007,4371
"Vans","Southwest Finland",1169,1139,1092,1490,1236,1364,1509,1295,756,921,1198,935,787,930,945,1233,1316,1295,1162,993,1020,819,790,793,603
"Vans","Satakunta",590,597,614,714,583,694,747,736,359,427,582,467,334,400,439,511,587,561,478,404,430,318,304,308,308
"Vans","Kanta-Häme",438,472,417,517,452,531,521,464,236,308,373,329,315,323,307,380,428,381,384,330,314,228,225,246,191
"Vans","Pirkanmaa",1080,1032,1025,1529,1246,1310,1611,1295,736,842,1028,859,795,886,857,1043,1163,1233,1098,1067,1047,929,775,725,710
"Vans","Päijät-Häme",486,526,457,581,567,545,673,614,353,424,558,445,394,389,455,481,613,545,452,478,468,340,298,231,194
"Vans","Kymenlaakso",363,342,408,470,431,399,461,422,255,278,362,320,252,271,270,331,368,369,345,345,321,297,277,195,181
"Vans","South Karelia",278,250,257,314,270,295,321,332,161,202,292,219,174,207,204,244,264,252,271,223,263,171,118,132,153
"Vans","South Savo",288,326,319,427,350,376,477,388,202,263,314,242,216,248,244,274,273,289,302,268,228,190,197,179,163
"Vans","North Savo",544,476,477,563,451,597,607,568,326,396,552,469,347,426,390,514,540,576,493,449,481,338,357,277,255
"Vans","North Karelia",306,310,293,375,337,323,370,338,186,257,309,233,204,258,251,283,312,381,333,359,307,238,267,258,229
"Vans","Central Finland",539,537,511,607,527,585,714,568,313,388,504,383,365,400,489,564,647,616,522,455,390,390,336,284,243
"Vans","South Ostrobothnia",511,552,550,742,509,653,674,634,335,415,521,369,338,311,370,395,470,491,411,367,336,249,240,214,233
"Vans","Ostrobothnia",387,405,355,482,376,443,401,392,201,255,328,244,225,260,265,276,314,303,294,205,242,180,204,194,205
"Vans","Central Ostrobothnia",140,110,128,168,144,157,126,160,78,83,126,107,102,137,124,162,207,187,199,125,118,102,116,77,71
"Vans","North Ostrobothnia",653,683,671,927,706,741,761,745,403,515,650,470,441,481,561,660,820,776,815,611,608,486,400,293,346
"Vans","Kainuu",143,143,157,202,168,201,214,181,131,134,165,101,95,95,92,106,150,118,116,115,102,67,73,37,35
"Vans","Lapland",342,416,374,534,373,452,558,552,237,329,433,323,268,329,314,391,418,432,402,329,335,275,263,273,248
"Vans","Unknown",1,0,0,0,0,0,0,1,0,0,0,0,0,7,1,9,6,10,18,6,7,9,4,10,8
"Vans","Foreign countries",0,0,0,0,0,0,0,0,0,0,0,0,0,0,0,1,1,2,2,2,3,0,4,4,3
"Lorries, > 3.5 tonnes","MAINLAND FINLAND",4829,4965,5603,5820,5459,5257,4853,5211,3174,2870,3413,3252,3508,2560,2707,3330,3473,3898,4020,3430,3536,3341,3949,3444,2475
"Lorries, > 3.5 tonnes","Uusimaa",1501,1444,1492,1645,1660,1581,1554,1667,1078,1160,1239,1182,1176,881,858,1097,1103,1296,1434,1107,1195,1074,1247,1076,704
"Lorries, > 3.5 tonnes","Southwest Finland",437,451,536,528,491,491,456,416,251,190,254,226,289,223,206,230,309,314,283,260,235,225,256,215,153
"Lorries, > 3.5 tonnes","Satakunta",260,246,316,274,263,240,237,246,130,112,143,132,141,112,122,155,143,178,156,134,159,154,210,164,110
"Lorries, > 3.5 tonnes","Kanta-Häme",184,194,217,213,215,206,164,162,96,92,109,99,107,86,108,109,135,140,108,99,102,118,118,101,81
"Lorries, > 3.5 tonnes","Pirkanmaa",433,395,531,573,454,477,412,441,263,195,268,262,264,196,198,219,264,346,379,402,376,343,371,389,267
"Lorries, > 3.5 tonnes","Päijät-Häme",182,204,245,160,171,160,149,151,100,85,110,114,97,76,80,127,116,122,85,80,104,97,101,73,43
"Lorries, > 3.5 tonnes","Kymenlaakso",202,196,216,269,215,191,169,207,112,80,109,86,125,79,71,88,79,105,92,85,125,85,99,84,81
"Lorries, > 3.5 tonnes","South Karelia",93,123,114,128,126,128,94,127,70,60,90,100,95,52,61,60,89,74,91,64,60,92,125,94,41
"Lorries, > 3.5 tonnes","South Savo",114,116,151,140,141,108,91,93,60,53,83,69,73,53,62,74,78,76,84,77,76,58,93,75,52
"Lorries, > 3.5 tonnes","North Savo",196,240,252,232,233,257,209,258,176,102,139,144,167,120,123,146,158,173,189,141,198,111,160,137,96
"Lorries, > 3.5 tonnes","North Karelia",100,117,151,150,113,113,75,92,56,57,75,93,82,52,53,69,66,73,76,71,72,73,97,77,66
"Lorries, > 3.5 tonnes","Central Finland",199,206,214,257,200,185,157,208,117,112,152,112,127,115,114,129,143,140,162,129,140,174,153,180,100
"Lorries, > 3.5 tonnes","South Ostrobothnia",239,251,303,317,265,246,215,227,168,118,151,144,174,127,142,119,129,178,154,154,139,178,183,155,127
"Lorries, > 3.5 tonnes","Ostrobothnia",167,167,203,188,198,187,181,179,115,85,97,100,144,73,85,104,116,125,131,89,83,101,152,128,96
"Lorries, > 3.5 tonnes","Central Ostrobothnia",67,91,73,92,122,107,104,109,65,66,79,61,94,66,65,121,95,109,105,92,97,59,125,98,155
"Lorries, > 3.5 tonnes","North Ostrobothnia",283,316,347,409,340,340,319,344,172,148,156,184,181,134,180,256,273,274,283,265,208,230,247,209,154
"Lorries, > 3.5 tonnes","Kainuu",62,73,79,86,87,69,75,71,37,40,40,44,36,29,35,45,37,38,46,33,37,36,36,37,33
"Lorries, > 3.5 tonnes","Lapland",110,135,163,159,165,171,192,213,107,115,119,100,132,86,144,181,137,136,157,143,125,125,168,144,105
"Lorries, > 3.5 tonnes","Unknown",0,0,0,0,0,0,0,0,1,0,0,0,0,0,0,1,3,0,5,3,4,8,5,6,9
"Lorries, > 3.5 tonnes","Foreign countries",0,0,0,0,0,0,0,0,0,0,0,0,4,0,0,0,0,1,0,2,1,0,3,2,2
"Buses, coaches","MAINLAND FINLAND",389,477,474,510,411,448,496,596,596,513,398,535,388,691,526,586,514,475,593,284,382,417,249,561,361
"Buses, coaches","Uusimaa",144,209,190,171,150,185,219,281,337,245,183,292,207,280,211,274,171,138,277,77,173,211,84,224,98
"Buses, coaches","Southwest Finland",25,20,20,68,27,42,33,30,32,45,25,42,31,57,53,42,42,23,27,15,25,22,31,22,48
"Buses, coaches","Satakunta",19,18,21,27,21,21,22,16,14,10,9,7,6,8,12,10,13,8,7,6,5,6,9,11,7
"Buses, coaches","Kanta-Häme",5,14,2,14,7,7,23,20,12,10,15,8,2,8,7,8,10,17,3,9,11,14,0,6,8
"Buses, coaches","Pirkanmaa",50,43,60,49,48,44,38,51,44,38,38,32,35,54,51,64,55,45,54,38,31,17,17,37,34
"Buses, coaches","Päijät-Häme",16,22,16,15,17,12,29,16,12,10,13,5,8,152,55,23,26,70,90,11,51,81,14,137,59
"Buses, coaches","Kymenlaakso",13,19,13,14,16,18,16,25,11,15,7,9,15,7,13,14,16,21,10,5,3,5,6,5,12
"Buses, coaches","South Karelia",5,16,8,7,9,4,7,3,10,11,8,5,10,3,4,2,3,6,5,3,3,0,2,3,1
"Buses, coaches","South Savo",15,8,26,34,11,17,25,32,9,28,22,50,8,39,17,29,56,13,14,11,4,14,9,12,6
"Buses, coaches","North Savo",15,28,35,26,28,20,13,34,26,16,16,17,15,17,26,19,16,15,12,4,12,3,6,15,11
"Buses, coaches","North Karelia",4,8,6,13,7,8,6,11,7,2,4,4,6,9,2,7,4,8,13,21,16,7,6,8,18
"Buses, coaches","Central Finland",27,10,18,6,9,28,14,14,15,19,10,7,7,9,11,18,18,9,11,1,2,3,3,6,5
"Buses, coaches","South Ostrobothnia",7,17,13,15,17,11,18,15,23,15,10,16,10,16,22,19,24,24,24,16,20,10,16,18,14
"Buses, coaches","Ostrobothnia",15,3,6,6,6,10,7,16,7,7,7,14,4,8,6,12,18,14,7,7,10,7,5,4,5
"Buses, coaches","Central Ostrobothnia",4,4,3,1,0,0,2,0,1,3,1,3,3,1,2,2,2,5,0,3,1,3,2,0,1
"Buses, coaches","North Ostrobothnia",17,21,16,19,23,9,15,11,17,31,15,11,11,13,12,34,15,31,21,43,8,8,30,42,23
"Buses, coaches","Kainuu",0,2,2,1,3,0,2,4,2,1,3,3,0,2,1,0,3,5,0,0,2,0,0,0,0
"Buses, coaches","Lapland",8,15,19,24,12,12,7,17,17,7,12,10,10,8,21,9,22,23,18,14,5,6,9,11,11
"Buses, coaches","Unknown",0,0,0,0,0,0,0,0,0,0,0,0,0,0,0,0,0,0,0,0,0,0,0,0,0
"Buses, coaches","Foreign countries",0,0,0,0,0,0,0,0,0,0,0,0,0,0,0,0,0,0,0,0,0,0,0,0,0
"Motor cycles","MAINLAND FINLAND",4408,4920,6264,7835,9228,11058,11533,10215,7051,6054,5736,4994,3959,3504,3192,3107,2927,3288,3396,3717,3707,3800,3539,3226,2635
"Motor cycles","Uusimaa",1619,1765,2342,2908,3029,3820,3832,3412,2377,2043,2043,1900,1376,1253,1122,1136,1045,1290,1269,1487,1430,1332,1207,1085,875
"Motor cycles","Southwest Finland",500,551,702,772,940,1073,1092,998,687,583,490,407,354,262,287,241,268,308,328,337,351,314,299,277,201
"Motor cycles","Satakunta",155,209,225,316,446,500,470,397,278,228,200,166,129,159,96,76,78,66,102,109,91,97,76,97,79
"Motor cycles","Kanta-Häme",140,158,254,239,317,357,348,362,198,225,198,193,143,122,98,111,135,118,126,117,120,152,144,109,59
"Motor cycles","Pirkanmaa",366,437,484,637,848,983,1186,996,744,624,580,485,441,341,361,358,287,326,328,360,371,365,359,317,245
"Motor cycles","Päijät-Häme",143,159,209,242,299,360,400,344,263,234,225,172,136,152,102,119,104,111,110,146,133,151,154,153,107
"Motor cycles","Kymenlaakso",140,149,212,241,320,310,344,307,229,216,178,124,126,97,97,121,86,81,107,76,102,96,83,59,59
"Motor cycles","South Karelia",92,135,142,216,220,267,273,323,145,151,153,106,101,81,62,61,31,51,47,43,37,41,41,47,44
"Motor cycles","South Savo",93,77,120,177,190,259,313,236,138,126,123,101,84,89,72,55,42,68,49,51,52,59,55,52,50
"Motor cycles","North Savo",157,161,265,330,375,447,491,391,299,220,156,184,167,137,140,101,129,123,162,141,148,158,152,132,120
"Motor cycles","North Karelia",71,99,139,158,229,296,354,265,176,147,141,86,92,86,62,80,61,69,44,75,68,78,82,95,86
"Motor cycles","Central Finland",187,181,196,283,355,399,432,437,350,229,288,234,168,152,181,147,138,158,159,196,199,236,201,176,151
"Motor cycles","South Ostrobothnia",212,212,243,272,356,454,475,403,245,249,233,213,173,132,135,96,93,118,97,107,154,158,156,134,112
"Motor cycles","Ostrobothnia",139,171,164,234,232,343,292,294,157,129,119,101,66,87,63,83,73,86,74,85,83,96,85,73,72
"Motor cycles","Central Ostrobothnia",38,38,39,49,113,96,83,70,64,52,43,44,37,20,29,32,31,26,41,33,38,25,43,22,15
"Motor cycles","North Ostrobothnia",237,257,336,464,631,700,723,586,451,379,312,265,251,212,179,189,193,197,177,198,203,259,257,266,244
"Motor cycles","Kainuu",35,47,61,83,110,133,152,135,80,68,95,82,34,31,25,28,54,23,53,30,42,49,44,34,30
"Motor cycles","Lapland",84,114,131,214,218,261,272,251,161,150,158,130,81,89,81,72,79,69,123,124,81,130,93,89,82
"Motor cycles","Unknown",0,0,0,0,0,0,1,2,3,1,0,1,0,2,0,1,0,0,0,1,1,1,4,3,2
"Motor cycles","Foreign countries",0,0,0,0,0,0,0,6,6,0,1,0,0,0,0,0,0,0,0,1,3,3,4,6,2
"Mopeds","MAINLAND FINLAND",6705,8835,12751,17808,20895,25693,27448,25255,20762,18198,17404,13000,8427,7349,7238,5577,7457,4927,5203,6894,4380,4256,3311,3302,2032
"Mopeds","Uusimaa",1702,2484,3162,5436,5312,6394,6730,6285,5708,4917,4751,4297,1994,1610,1947,1376,2076,1540,1628,2172,1299,1131,854,821,541
"Mopeds","Southwest Finland",782,1490,1118,1420,1838,2203,2446,2377,1829,1631,1542,1177,746,743,670,564,749,480,509,640,431,429,388,327,196
"Mopeds","Satakunta",317,398,560,646,981,1179,1207,1181,941,855,827,602,425,408,319,295,343,257,273,300,178,182,124,147,69
"Mopeds","Kanta-Häme",277,272,367,446,572,775,911,838,640,580,508,362,246,239,199,166,217,131,169,148,114,180,121,161,92
"Mopeds","Pirkanmaa",404,521,750,995,1403,1886,2005,1762,1448,1364,1265,807,597,569,597,494,579,330,308,519,338,387,250,281,164
"Mopeds","Päijät-Häme",183,222,330,497,741,850,970,948,724,791,700,509,321,242,224,157,246,147,153,199,111,116,134,131,118
"Mopeds","Kymenlaakso",339,384,554,737,840,1113,1240,924,845,722,694,410,362,311,282,202,242,168,176,192,158,135,111,111,73
"Mopeds","South Karelia",290,326,303,448,549,665,733,724,577,501,485,323,240,178,130,121,151,104,108,124,98,89,57,68,36
"Mopeds","South Savo",182,229,315,513,561,743,729,645,520,462,457,337,253,207,201,158,160,97,80,143,85,74,73,43,17
"Mopeds","North Savo",326,379,588,834,902,1171,1307,1136,897,800,826,574,454,447,393,325,396,206,234,330,218,213,160,188,123
"Mopeds","North Karelia",177,193,282,648,677,932,955,863,650,665,611,440,346,322,277,205,225,158,158,226,161,135,113,88,36
"Mopeds","Central Finland",235,262,340,590,761,1004,1031,1021,964,743,756,445,342,315,266,192,284,202,237,288,219,223,155,140,115
"Mopeds","South Ostrobothnia",309,370,642,768,941,1191,1203,1130,955,835,768,609,512,429,433,317,412,292,295,407,276,217,169,156,108
"Mopeds","Ostrobothnia",285,357,691,755,1001,1077,1305,1008,892,712,690,505,409,299,284,265,398,189,181,226,133,118,98,83,47
"Mopeds","Central Ostrobothnia",83,109,391,464,418,462,493,608,319,218,246,153,101,74,120,51,58,34,60,54,30,43,29,19,9
"Mopeds","North Ostrobothnia",492,525,1679,1563,2183,2478,2808,2369,1691,1456,1287,802,618,574,565,421,555,375,382,612,357,345,320,387,202
"Mopeds","Kainuu",98,93,194,258,339,490,441,578,408,302,361,202,129,114,95,69,75,70,56,92,63,70,48,47,26
"Mopeds","Lapland",224,221,485,790,876,1079,933,816,731,642,630,445,332,265,232,199,289,146,194,218,109,162,101,102,58
"Mopeds","Unknown",0,0,0,0,0,1,1,20,14,2,0,0,0,3,4,0,1,0,1,1,0,2,3,0,1
"Mopeds","Foreign countries",0,0,0,0,0,0,0,22,9,0,0,1,0,0,0,0,1,1,1,3,2,5,3,2,1
"Snow mobiles","MAINLAND FINLAND",5947,5606,4598,6123,6008,5973,5180,3873,3611,4515,3805,4626,4858,3537,3751,3388,3965,3761,4847,3420,3270,4927,4414,3874,2044
"Snow mobiles","Uusimaa",555,533,434,654,637,621,461,346,332,459,312,391,366,291,237,213,252,231,268,253,222,215,169,223,166
"Snow mobiles","Southwest Finland",61,53,56,57,72,71,61,38,30,56,54,57,72,34,27,19,43,26,30,19,27,22,28,30,14
"Snow mobiles","Satakunta",129,123,69,91,87,53,71,17,27,40,41,39,42,24,41,24,17,24,23,23,15,27,10,8,6
"Snow mobiles","Kanta-Häme",96,83,47,98,69,81,80,31,37,45,21,49,28,30,23,9,14,11,13,18,14,12,17,4,3
"Snow mobiles","Pirkanmaa",273,279,216,260,237,258,205,96,100,137,121,127,139,109,98,85,79,73,111,59,96,122,99,108,33
"Snow mobiles","Päijät-Häme",161,144,119,166,146,126,101,57,40,98,52,58,51,54,35,34,31,40,53,42,34,186,165,74,16
"Snow mobiles","Kymenlaakso",120,134,97,135,109,134,71,42,41,94,40,83,77,45,50,19,23,14,36,14,30,58,17,24,3
"Snow mobiles","South Karelia",164,136,110,132,139,118,82,56,48,71,42,71,68,43,42,24,17,25,34,16,32,59,71,36,7
"Snow mobiles","South Savo",211,191,143,175,187,149,105,72,77,85,60,96,85,48,34,32,17,35,34,16,15,22,26,19,11
"Snow mobiles","North Savo",459,443,290,459,399,392,279,196,169,243,144,233,230,138,150,137,182,190,293,167,202,289,305,223,139
"Snow mobiles","North Karelia",347,303,248,358,378,348,231,215,243,292,209,286,294,193,199,153,137,171,187,119,113,199,136,175,80
"Snow mobiles","Central Finland",384,284,265,318,248,226,197,102,95,131,129,134,141,104,102,77,84,136,210,101,161,199,197,136,58
"Snow mobiles","South Ostrobothnia",230,248,160,211,174,179,137,68,123,191,156,212,236,142,175,140,155,233,275,207,280,421,340,315,107
"Snow mobiles","Ostrobothnia",260,231,173,223,139,124,135,61,84,161,62,124,113,88,45,41,40,39,39,18,26,29,36,30,9
"Snow mobiles","Central Ostrobothnia",84,74,59,63,52,41,48,36,34,42,33,39,54,28,34,18,40,30,57,32,23,25,19,19,17
"Snow mobiles","North Ostrobothnia",738,672,527,773,766,836,592,590,510,532,528,594,648,449,523,543,633,608,779,565,559,815,758,629,346
"Snow mobiles","Kainuu",197,170,183,248,267,239,205,163,211,150,124,155,175,97,104,100,126,121,148,162,103,159,119,106,35
"Snow mobiles","Lapland",1478,1505,1402,1702,1902,1977,2118,1684,1397,1674,1676,1878,2038,1620,1832,1720,2072,1754,2257,1586,1315,2065,1896,1714,991
"Snow mobiles","Unknown",0,0,0,0,0,0,0,0,1,1,0,0,0,0,0,0,0,0,0,0,0,1,0,0,1
"Snow mobiles","Foreign countries",0,0,0,0,0,0,1,3,12,13,1,0,1,0,0,0,3,0,0,3,3,2,6,1,2
"Tractors without road tractors","MAINLAND FINLAND",4937,5121,5353,5046,4507,4172,4240,4430,4036,4289,5131,5587,6294,6789,6647,7526,8436,8517,10588,9827,11831,11101,11401,9916,6930
"Tractors without road tractors","Uusimaa",487,492,482,493,441,366,454,471,486,624,746,935,1107,1148,1321,1618,1820,1906,2700,2006,2730,2567,2394,2242,1545
"Tractors without road tractors","Southwest Finland",530,510,502,526,482,430,439,499,436,422,507,549,636,552,463,559,649,636,835,763,962,1057,1017,963,541
"Tractors without road tractors","Satakunta",242,262,282,261,240,225,187,241,211,190,258,287,307,320,262,282,310,416,477,386,547,591,560,402,240
"Tractors without road tractors","Kanta-Häme",186,207,203,206,182,162,179,171,161,144,161,167,188,144,153,173,198,168,203,199,250,232,265,267,188
"Tractors without road tractors","Pirkanmaa",345,364,369,349,300,314,306,299,263,270,335,400,464,530,454,544,575,562,631,567,758,686,684,584,415
"Tractors without road tractors","Päijät-Häme",214,202,189,200,175,164,184,185,182,159,186,168,238,173,182,192,257,275,268,253,343,359,395,326,207
"Tractors without road tractors","Kymenlaakso",135,169,221,157,162,133,170,150,138,151,188,190,191,208,221,205,190,227,222,228,233,242,252,219,127
"Tractors without road tractors","South Karelia",134,121,137,149,129,115,105,117,114,107,140,132,145,135,137,139,158,176,202,151,209,155,215,202,145
"Tractors without road tractors","South Savo",184,178,209,201,175,156,156,180,181,213,226,212,227,232,203,264,255,216,237,223,294,211,262,210,159
"Tractors without road tractors","North Savo",369,384,407,380,326,296,292,284,275,274,320,341,352,425,412,419,471,448,496,565,617,476,510,454,361
"Tractors without road tractors","North Karelia",235,233,253,253,193,184,168,188,160,198,228,227,242,330,319,345,388,294,342,351,329,287,345,294,222
"Tractors without road tractors","Central Finland",232,255,279,268,227,208,226,220,225,260,338,427,426,460,442,439,532,581,760,795,794,926,786,690,545
"Tractors without road tractors","South Ostrobothnia",506,563,595,538,480,474,419,445,324,380,380,417,420,403,401,417,466,514,817,740,879,728,760,665,450
"Tractors without road tractors","Ostrobothnia",325,309,269,256,230,242,233,242,208,195,225,222,223,298,258,361,326,370,376,290,418,338,373,321,232
"Tractors without road tractors","Central Ostrobothnia",141,162,167,158,149,116,138,137,116,121,99,116,137,143,129,134,127,134,147,140,144,180,174,138,82
"Tractors without road tractors","North Ostrobothnia",481,520,552,443,393,389,385,349,320,294,427,425,502,651,587,664,706,685,870,989,839,786,1063,884,652
"Tractors without road tractors","Kainuu",63,66,83,70,67,57,57,77,70,74,85,104,92,149,159,139,176,190,140,181,201,212,231,176,119
"Tractors without road tractors","Lapland",128,124,154,138,156,141,142,172,164,213,282,268,396,484,542,625,825,708,844,987,1264,1035,1070,844,664
"Tractors without road tractors","Unknown",0,0,0,0,0,0,0,0,0,0,0,0,1,4,1,6,7,9,7,7,12,23,34,30,30
"Tractors without road tractors","Foreign countries",0,0,0,0,0,0,0,3,2,0,0,0,0,0,1,1,0,2,14,6,8,10,11,5,6
"Motor driven working machines","MAINLAND FINLAND",1602,1502,1668,1833,1805,1967,2100,2350,1231,1603,2173,2121,1795,1689,1607,1893,1991,2202,2589,2212,2220,2262,2358,2145,1629
"Motor driven working machines","Uusimaa",431,398,417,546,504,534,626,735,488,635,870,896,698,657,551,654,726,830,984,790,800,730,849,673,460
"Motor driven working machines","Southwest Finland",111,102,111,136,132,123,132,151,88,81,89,94,95,66,80,109,97,137,131,138,134,88,76,69,50
"Motor driven working machines","Satakunta",85,97,112,96,113,111,136,131,62,89,97,74,96,81,77,79,94,66,95,84,78,89,74,69,51
"Motor driven working machines","Kanta-Häme",69,54,51,69,73,79,62,77,37,45,74,72,64,69,63,66,81,81,72,86,90,90,92,62,57
"Motor driven working machines","Pirkanmaa",187,138,181,161,138,186,167,316,138,123,242,213,175,204,186,236,265,252,350,290,346,534,492,455,406
"Motor driven working machines","Päijät-Häme",57,55,41,54,58,69,72,57,24,46,46,43,50,33,29,30,32,38,28,27,36,27,29,25,28
"Motor driven working machines","Kymenlaakso",54,54,57,57,63,47,61,44,32,34,43,34,25,21,28,41,19,23,32,50,30,20,23,35,12
"Motor driven working machines","South Karelia",25,31,45,42,37,36,42,38,16,18,28,23,19,19,14,25,31,25,30,23,19,17,14,15,16
"Motor driven working machines","South Savo",56,53,55,64,65,77,78,75,18,55,70,49,44,49,66,76,65,68,65,59,58,46,76,65,48
"Motor driven working machines","North Savo",61,56,72,52,83,71,102,71,37,73,73,78,86,54,60,47,51,86,82,58,61,61,54,53,37
"Motor driven working machines","North Karelia",60,58,61,71,64,95,79,74,27,56,72,57,60,69,67,63,62,81,95,59,60,46,95,85,55
"Motor driven working machines","Central Finland",67,82,93,101,89,111,105,105,36,73,94,86,59,58,78,96,77,95,110,88,85,78,77,73,74
"Motor driven working machines","South Ostrobothnia",61,67,82,47,76,90,85,91,52,58,83,101,71,78,71,88,89,92,104,114,106,122,110,130,95
"Motor driven working machines","Ostrobothnia",48,45,38,61,51,39,54,61,32,28,36,45,47,41,32,41,37,48,49,44,44,39,30,41,30
"Motor driven working machines","Central Ostrobothnia",17,13,17,10,18,17,24,22,7,20,30,29,21,20,23,31,18,24,28,21,10,10,18,25,11
"Motor driven working machines","North Ostrobothnia",112,95,119,130,116,140,131,128,69,91,104,123,97,79,87,89,131,127,187,147,153,150,116,120,107
"Motor driven working machines","Kainuu",32,30,37,43,35,41,27,45,22,14,37,22,19,28,23,31,28,37,49,37,28,31,47,44,27
"Motor driven working machines","Lapland",69,74,79,93,90,101,117,129,46,64,85,82,69,61,71,90,88,92,96,96,78,83,85,103,62
"Motor driven working machines","Unknown",0,0,0,0,0,0,0,0,0,0,0,0,0,2,1,1,0,0,1,1,2,1,1,1,2
"Motor driven working machines","Foreign countries",0,0,0,0,0,0,0,0,0,0,0,0,0,0,0,0,0,0,1,0,2,0,0,2,1
"Three-wheel vehicle or quadricycles","MAINLAND FINLAND",0,29,192,69,33,14,24,51,36,26,39,38,44,43,44,23,22,22,44,20,20,10,9,14,6
"Three-wheel vehicle or quadricycles","Uusimaa",0,13,29,18,2,3,2,11,3,5,7,6,3,8,17,6,5,7,13,9,3,4,2,1,0
"Three-wheel vehicle or quadricycles","Southwest Finland",0,2,14,5,1,2,3,3,1,11,2,4,10,5,3,1,4,3,3,0,0,0,0,2,0
"Three-wheel vehicle or quadricycles","Satakunta",0,0,22,8,1,1,0,0,1,0,2,1,1,4,1,0,0,1,2,1,2,0,0,0,0
"Three-wheel vehicle or quadricycles","Kanta-Häme",0,0,3,0,0,0,1,1,1,0,1,1,1,1,0,0,0,0,3,1,1,2,0,0,0
"Three-wheel vehicle or quadricycles","Pirkanmaa",0,2,16,4,2,1,2,4,1,0,4,1,1,3,3,1,0,1,1,2,0,0,0,1,0
"Three-wheel vehicle or quadricycles","Päijät-Häme",0,0,15,1,1,1,0,0,3,0,1,1,2,1,1,0,3,0,1,1,0,0,0,0,0
"Three-wheel vehicle or quadricycles","Kymenlaakso",0,4,7,3,0,0,0,1,0,0,0,1,0,0,0,0,0,0,0,0,1,0,0,0,0
"Three-wheel vehicle or quadricycles","South Karelia",0,0,3,0,0,0,1,0,0,1,0,1,0,0,0,0,0,0,0,0,0,0,0,0,0
"Three-wheel vehicle or quadricycles","South Savo",0,2,5,3,1,0,0,1,0,0,0,0,4,1,1,1,0,0,0,0,0,0,0,0,0
"Three-wheel vehicle or quadricycles","North Savo",0,0,12,2,3,0,3,2,0,0,0,2,1,4,1,2,0,1,0,0,0,0,0,0,0
"Three-wheel vehicle or quadricycles","North Karelia",0,0,2,3,1,0,1,2,1,1,2,0,3,1,0,1,0,0,0,0,0,0,0,0,0
"Three-wheel vehicle or quadricycles","Central Finland",0,0,3,0,1,0,2,3,1,0,2,0,0,1,1,0,0,0,0,0,0,0,0,0,0
"Three-wheel vehicle or quadricycles","South Ostrobothnia",0,2,4,8,12,1,1,4,3,0,1,3,1,0,2,2,2,2,6,5,6,3,4,6,4
"Three-wheel vehicle or quadricycles","Ostrobothnia",0,0,4,4,4,4,1,1,1,0,1,0,0,0,0,0,0,0,1,1,1,0,0,0,0
"Three-wheel vehicle or quadricycles","Central Ostrobothnia",0,0,4,3,1,0,0,0,3,0,0,0,1,0,0,0,0,0,0,0,0,0,0,0,0
"Three-wheel vehicle or quadricycles","North Ostrobothnia",0,2,20,4,3,1,1,4,2,2,3,3,5,2,3,1,0,0,2,0,2,1,0,0,0
"Three-wheel vehicle or quadricycles","Kainuu",0,1,0,0,0,0,1,1,0,0,3,0,0,1,0,0,0,0,0,0,0,0,0,0,0
"Three-wheel vehicle or quadricycles","Lapland",0,1,29,3,0,0,5,13,15,6,10,14,11,11,11,7,8,7,12,0,4,0,3,4,2
"Three-wheel vehicle or quadricycles","Unknown",0,0,0,0,0,0,0,0,0,0,0,0,0,0,0,1,0,0,0,0,0,0,0,0,0
"Three-wheel vehicle or quadricycles","Foreign countries",0,0,0,0,0,0,0,0,0,0,0,0,0,0,0,0,0,0,0,0,0,0,0,0,0
"Light quadricycles","MAINLAND FINLAND",225,189,399,449,711,1049,922,1072,985,1039,1299,1242,948,737,587,596,704,224,64,211,241,127,78,39,26
"Light quadricycles","Uusimaa",52,53,79,98,308,356,194,205,203,236,413,334,261,181,128,155,165,38,12,32,33,20,13,4,7
"Light quadricycles","Southwest Finland",13,7,29,26,46,93,84,100,107,150,161,173,145,128,117,116,141,44,10,40,44,20,9,6,5
"Light quadricycles","Satakunta",19,7,19,35,63,74,82,106,151,148,160,159,138,109,81,71,103,47,13,42,50,19,12,6,1
"Light quadricycles","Kanta-Häme",8,8,9,20,16,27,30,33,24,23,28,47,40,34,28,28,21,4,0,4,5,3,0,3,2
"Light quadricycles","Pirkanmaa",11,7,33,26,49,98,144,266,205,233,247,226,163,137,90,95,131,56,20,58,62,40,35,12,3
"Light quadricycles","Päijät-Häme",2,3,11,5,14,20,31,30,14,22,27,48,19,22,25,32,23,7,0,3,5,2,0,1,0
"Light quadricycles","Kymenlaakso",11,7,15,12,25,32,34,30,11,10,18,8,8,1,4,0,2,0,0,0,1,1,1,0,1
"Light quadricycles","South Karelia",8,3,3,6,3,15,14,19,7,5,5,14,8,7,2,4,2,1,2,0,0,0,1,0,1
"Light quadricycles","South Savo",19,5,13,14,12,24,27,22,14,9,7,15,8,3,6,6,7,4,0,1,2,0,0,0,0
"Light quadricycles","North Savo",13,5,16,22,23,23,41,36,32,15,14,17,13,10,9,8,11,2,0,3,3,3,0,1,0
"Light quadricycles","North Karelia",11,2,15,23,27,47,65,38,34,25,43,25,24,12,19,13,10,1,2,8,9,2,0,0,1
"Light quadricycles","Central Finland",9,11,21,28,22,31,33,18,26,30,29,25,17,11,8,9,11,0,1,0,0,0,0,0,1
"Light quadricycles","South Ostrobothnia",11,11,39,38,31,47,40,64,75,59,77,93,53,47,35,40,47,16,1,13,20,10,5,2,0
"Light quadricycles","Ostrobothnia",6,7,23,22,20,76,33,34,35,23,14,9,9,4,10,6,7,2,0,1,3,4,0,0,1
"Light quadricycles","Central Ostrobothnia",3,3,3,7,5,11,3,7,4,2,5,3,2,2,0,1,5,0,1,0,0,0,0,0,0
"Light quadricycles","North Ostrobothnia",13,16,41,35,30,36,36,34,30,23,24,25,12,12,14,6,13,1,1,5,4,2,1,4,1
"Light quadricycles","Kainuu",8,5,5,11,5,12,16,9,6,8,4,7,10,2,1,1,1,0,1,0,0,0,0,0,1
"Light quadricycles","Lapland",8,29,25,21,12,27,15,21,6,18,23,14,18,15,9,4,4,1,0,1,0,1,1,0,1
"Light quadricycles","Unknown",0,0,0,0,0,0,0,0,0,0,0,0,0,0,0,0,0,0,0,0,0,0,0,0,0
"Light quadricycles","Foreign countries",0,0,0,0,0,0,0,0,1,0,0,0,0,0,1,1,0,0,0,0,0,0,0,0,0
"Quadricycles","MAINLAND FINLAND",0,0,32,345,1860,3177,4535,2983,1738,1374,1046,788,495,254,167,90,29,18,12,1,11,3,5,15,46
"Quadricycles","Uusimaa",0,0,6,140,780,1200,1401,839,582,506,333,288,199,90,92,45,19,12,10,1,11,2,3,15,46
"Quadricycles","Southwest Finland",0,0,2,18,108,221,296,249,131,114,86,75,36,12,10,6,2,0,0,0,0,0,2,0,0
"Quadricycles","Satakunta",0,0,0,22,66,109,149,73,64,45,40,18,17,6,6,0,1,0,0,0,0,0,0,0,0
"Quadricycles","Kanta-Häme",0,0,1,7,53,62,86,74,40,41,22,17,14,9,3,1,0,0,1,0,0,0,0,0,0
"Quadricycles","Pirkanmaa",0,0,0,10,184,365,395,268,160,128,115,90,57,27,6,7,0,0,1,0,0,1,0,0,0
"Quadricycles","Päijät-Häme",0,0,0,7,63,86,172,107,54,27,33,23,16,8,7,1,0,0,0,0,0,0,0,0,0
"Quadricycles","Kymenlaakso",0,0,0,5,58,120,153,98,58,42,30,29,12,1,1,3,0,0,0,0,0,0,0,0,0
"Quadricycles","South Karelia",0,0,0,5,22,45,95,49,32,19,12,12,8,3,0,1,1,2,0,0,0,0,0,0,0
"Quadricycles","South Savo",0,0,4,9,37,91,117,85,53,35,21,14,11,3,3,1,0,2,0,0,0,0,0,0,0
"Quadricycles","North Savo",0,0,1,17,55,78,194,183,71,69,38,16,15,13,3,0,1,1,0,0,0,0,0,0,0
"Quadricycles","North Karelia",0,0,1,13,32,82,223,99,38,30,34,26,16,11,6,0,0,0,0,0,0,0,0,0,0
"Quadricycles","Central Finland",0,0,9,10,48,124,176,159,75,56,48,34,11,16,11,1,1,0,0,0,0,0,0,0,0
"Quadricycles","South Ostrobothnia",0,0,1,12,86,143,228,171,93,61,52,30,15,10,3,4,1,0,0,0,0,0,0,0,0
"Quadricycles","Ostrobothnia",0,0,2,9,54,87,168,106,44,27,34,19,17,6,2,7,2,0,0,0,0,0,0,0,0
"Quadricycles","Central Ostrobothnia",0,0,0,5,19,27,42,34,12,9,10,6,3,3,1,1,0,1,0,0,0,0,0,0,0
"Quadricycles","North Ostrobothnia",0,0,1,19,102,204,413,208,112,93,79,45,28,12,7,3,1,0,0,0,0,0,0,0,0
"Quadricycles","Kainuu",0,0,2,15,26,39,65,37,29,16,15,12,4,4,1,0,0,0,0,0,0,0,0,0,0
"Quadricycles","Lapland",0,0,2,22,67,94,162,143,88,54,44,34,16,20,5,9,0,0,0,0,0,0,0,0,0
"Quadricycles","Unknown",0,0,0,0,0,0,0,1,1,2,0,0,0,0,0,0,0,0,0,0,0,0,0,0,0
"Quadricycles","Foreign countries",0,0,0,0,0,0,0,0,1,0,0,0,0,0,0,0,0,0,0,0,0,0,0,0,0
"Caravans","MAINLAND FINLAND",1010,1176,1410,1736,1942,1951,1814,1472,1015,1084,1055,918,758,698,597,545,652,681,783,874,1055,808,714,663,522
"Caravans","Uusimaa",365,443,488,558,558,560,543,427,296,290,303,231,178,175,198,162,201,221,252,299,301,241,195,212,164
"Caravans","Southwest Finland",123,123,133,207,217,237,214,166,108,105,99,98,75,83,52,61,61,76,90,100,91,71,66,46,25
"Caravans","Satakunta",34,44,62,85,83,85,87,78,31,42,41,32,25,17,17,25,29,21,36,21,18,13,15,3,4
"Caravans","Kanta-Häme",34,41,55,72,86,71,75,58,51,44,55,30,32,21,29,17,23,16,23,15,23,9,8,7,14
"Caravans","Pirkanmaa",80,71,115,131,143,162,128,112,71,103,71,59,56,47,40,29,37,57,53,68,94,70,43,40,24
"Caravans","Päijät-Häme",47,52,54,54,48,63,60,32,28,30,27,32,36,28,22,18,23,21,21,17,22,25,26,23,15
"Caravans","Kymenlaakso",35,34,52,52,54,56,57,41,16,21,23,14,13,22,14,11,16,7,6,11,14,11,11,9,9
"Caravans","South Karelia",32,22,27,27,29,35,20,25,16,22,11,19,9,11,5,15,16,20,11,11,8,4,6,6,4
"Caravans","South Savo",12,11,11,19,25,15,26,11,11,6,12,11,11,7,6,2,2,3,6,5,9,15,13,3,7
"Caravans","North Savo",26,37,45,55,55,58,49,53,43,55,53,44,40,38,6,21,14,19,27,24,38,36,14,12,10
"Caravans","North Karelia",13,12,19,27,34,43,30,26,11,15,15,13,11,12,7,13,23,14,17,25,36,30,34,28,23
"Caravans","Central Finland",31,49,48,63,74,75,79,61,46,45,45,49,32,31,51,34,29,31,40,41,54,42,24,36,37
"Caravans","South Ostrobothnia",28,25,35,57,102,60,78,68,61,54,62,47,45,34,28,28,31,22,29,27,35,29,44,29,13
"Caravans","Ostrobothnia",24,41,48,36,60,64,59,27,28,25,22,22,11,19,4,7,4,8,2,14,17,10,6,5,5
"Caravans","Central Ostrobothnia",13,17,30,20,21,44,28,33,26,52,37,38,35,22,26,18,18,32,36,34,65,58,79,74,78
"Caravans","North Ostrobothnia",74,102,127,174,235,210,191,177,101,111,109,119,110,94,62,63,96,73,98,102,154,94,98,84,58
"Caravans","Kainuu",4,13,13,15,9,14,9,6,6,5,9,6,4,3,2,4,0,8,3,4,5,3,1,5,2
"Caravans","Lapland",35,39,48,84,109,99,81,70,64,59,61,54,35,34,28,17,29,32,33,55,71,47,31,40,30
"Caravans","Unknown",0,0,0,0,0,0,0,0,1,0,0,0,0,0,0,0,0,0,0,0,0,0,0,0,0
"Caravans","Foreign countries",0,0,0,0,0,0,0,1,0,0,0,0,0,0,0,0,0,0,0,1,0,0,0,1,0
"Semitrailers","MAINLAND FINLAND",908,1421,1793,1898,2091,2270,2583,2480,747,807,1838,1693,1237,1738,1145,1280,2590,2446,1285,911,1033,1411,1022,650,1248
"Semitrailers","Uusimaa",663,1249,1539,1607,1786,1929,2139,2014,474,570,1510,1436,940,1463,842,882,2186,2083,761,504,665,1042,672,393,826
"Semitrailers","Southwest Finland",23,5,36,22,23,31,62,34,23,17,28,25,20,29,20,26,45,53,48,38,42,32,15,23,17
"Semitrailers","Satakunta",35,17,35,19,26,15,35,27,15,5,16,12,19,2,24,22,27,18,34,30,26,30,26,24,20
"Semitrailers","Kanta-Häme",7,11,13,15,12,11,29,15,7,9,16,20,23,14,20,17,4,7,14,15,16,10,14,23,9
"Semitrailers","Pirkanmaa",17,13,11,26,14,23,31,30,23,21,22,14,45,27,15,16,49,25,30,25,22,37,47,45,25
"Semitrailers","Päijät-Häme",1,3,2,4,5,9,5,5,3,7,3,4,5,7,8,5,12,18,25,23,7,12,19,1,9
"Semitrailers","Kymenlaakso",11,12,40,96,45,21,29,51,33,18,24,10,10,4,8,8,4,0,8,9,13,19,5,8,3
"Semitrailers","South Karelia",8,4,14,11,12,26,14,54,26,23,14,13,16,5,9,15,10,33,37,34,14,9,11,4,7
"Semitrailers","South Savo",1,0,1,5,0,0,1,4,1,0,5,0,1,2,1,1,5,1,2,5,3,2,1,4,5
"Semitrailers","North Savo",4,5,7,6,10,10,8,8,11,8,4,7,3,8,7,9,13,19,17,8,14,7,5,12,5
"Semitrailers","North Karelia",3,3,10,2,7,2,3,10,6,7,11,7,3,10,8,9,15,7,10,7,6,9,2,3,1
"Semitrailers","Central Finland",2,2,7,7,8,12,16,18,9,6,6,8,7,15,10,14,14,20,36,21,8,36,16,29,33
"Semitrailers","South Ostrobothnia",65,25,16,12,28,47,53,43,18,20,20,18,12,20,17,18,40,23,47,35,40,37,22,10,20
"Semitrailers","Ostrobothnia",26,37,24,36,38,44,57,65,20,29,44,48,59,59,69,79,50,59,33,43,43,65,77,30,35
"Semitrailers","Central Ostrobothnia",13,8,12,6,40,56,49,57,27,26,58,8,34,32,14,82,54,28,66,22,44,17,38,11,92
"Semitrailers","North Ostrobothnia",26,20,17,14,27,18,31,30,35,27,37,35,32,13,46,55,50,31,43,33,28,27,36,17,17
"Semitrailers","Kainuu",0,1,5,4,4,7,1,13,0,2,14,12,3,25,11,5,7,0,28,24,28,2,1,0,31
"Semitrailers","Lapland",3,6,4,6,6,9,20,2,16,12,6,16,5,3,16,17,5,21,46,30,14,18,14,11,17
"Semitrailers","Unknown",0,0,0,0,0,0,0,0,0,0,0,0,0,0,0,0,0,0,0,5,0,0,1,2,6
"Semitrailers","Foreign countries",0,0,0,0,0,0,0,0,0,0,0,0,0,0,0,0,0,0,0,0,0,0,0,0,70
"Other trailers total","MAINLAND FINLAND",25639,26143,28340,30968,33304,40312,35235,31612,28241,31285,31838,30242,25477,27674,24317,25158,26128,25334,26685,31903,33331,25579,20072,17728,16497
"Other trailers total","Uusimaa",5659,5830,5813,6398,7391,8450,7771,6893,5197,5605,5246,4733,3598,3946,3813,3890,5039,4189,5137,6159,6996,5599,4746,4168,4096
"Other trailers total","Southwest Finland",1978,2056,2385,2364,2898,3352,2659,2230,1669,2348,2413,2495,1972,1943,1883,2116,2238,2439,2571,4120,4453,3328,3001,2647,2630
"Other trailers total","Satakunta",1218,1277,1374,1515,1558,1939,1370,1246,1094,1127,1096,1102,984,920,608,649,660,563,489,654,600,504,415,355,372
"Other trailers total","Kanta-Häme",779,847,957,1058,1129,1842,1810,1152,1028,1022,1092,1151,766,863,593,640,731,714,709,804,763,570,516,291,255
"Other trailers total","Pirkanmaa",2643,2647,2970,3567,3240,4295,4377,4404,5283,6490,5946,3869,2981,3310,2676,2890,3183,2618,2385,3157,3640,3436,2046,1668,1151
"Other trailers total","Päijät-Häme",843,869,965,1006,1164,1351,1219,1049,830,847,777,734,619,719,673,642,636,693,764,874,811,608,443,390,372
"Other trailers total","Kymenlaakso",959,899,1012,1045,1138,1330,974,1185,803,730,761,785,668,767,640,548,538,503,536,606,493,356,273,258,228
"Other trailers total","South Karelia",682,690,748,758,713,886,796,715,548,592,520,551,491,515,357,388,327,341,365,365,388,245,210,181,181
"Other trailers total","South Savo",803,836,834,940,1022,1162,1039,909,850,925,969,879,789,772,644,573,602,640,631,659,520,393,319,294,306
"Other trailers total","North Savo",1207,1285,1371,1491,1608,1881,1727,1317,1231,1336,1287,1218,942,1113,675,697,731,697,782,987,964,745,611,523,499
"Other trailers total","North Karelia",1037,1015,1095,1199,1236,1664,1288,1156,1057,1080,1081,1187,877,1080,794,736,751,772,835,983,1104,824,558,506,604
"Other trailers total","Central Finland",1286,1212,1450,1460,1553,1860,1431,1293,1092,1248,1257,1253,850,918,680,747,706,736,752,900,931,734,539,550,421
"Other trailers total","South Ostrobothnia",1316,1355,1447,1638,1733,2161,2295,2463,2541,3067,4379,5330,5554,6251,6753,6930,6658,7106,7084,7297,7090,4478,3516,3092,2742
"Other trailers total","Ostrobothnia",1154,1247,1245,1355,1536,1748,1497,1158,1034,1048,1059,953,964,859,624,687,697,612,633,880,845,679,513,423,402
"Other trailers total","Central Ostrobothnia",414,457,454,530,540,665,495,405,362,380,334,337,227,314,209,174,177,152,151,162,199,134,104,151,135
"Other trailers total","North Ostrobothnia",2195,2038,2549,2738,2629,3322,2336,2017,1750,1577,1689,1589,1305,1478,1178,1399,1333,1258,1374,1705,1910,1491,1241,1295,1285
"Other trailers total","Kainuu",440,479,531,597,724,679,653,572,672,660,769,1073,1066,1040,771,542,191,242,306,337,292,232,165,186,168
"Other trailers total","Lapland",1026,1103,1140,1309,1492,1725,1498,1413,1155,1196,1160,998,822,857,745,901,919,1048,1145,1226,1291,1180,816,716,617
"Other trailers total","Unknown",0,1,0,0,0,0,0,8,6,2,1,4,1,5,0,8,7,4,8,9,19,16,13,16,17
"Other trailers total","Foreign countries",0,0,0,0,0,0,0,27,39,5,2,1,1,4,1,1,4,7,28,19,22,27,27,18,16
"Total","MAINLAND FINLAND",178890,190309,229034,238851,250505,264309,243468,246791,172476,196692,215797,191763,172048,174123,172776,185624,193000,191813,189016,172964,176396,150935,149653,129389,105368
"Total","Uusimaa",63323,67364,79497,84148,88770,92772,85613,88569,59884,69807,78843,69558,61625,63100,65462,70396,74985,74759,73845,65410,67634,58750,62134,52491,43100
"Total","Southwest Finland",15044,16273,19429,20046,21155,22469,20010,20313,13800,16154,17499,15821,14112,13889,13745,15224,16022,16192,15840,15656,16265,13342,13399,11630,9622
"Total","Satakunta",7018,7556,9320,9167,9803,10422,9317,9483,6623,7388,7877,7070,6180,6083,5730,5986,6317,5944,5563,4922,4910,4145,3903,3535,2880
"Total","Kanta-Häme",5562,5995,7247,7287,7667,8546,8124,7379,5049,5769,6288,5723,4984,4958,4724,5106,5268,5054,4839,4426,4299,3599,3517,2988,2322
"Total","Pirkanmaa",14353,14861,18283,19211,19396,21276,20498,20591,16198,19338,19798,16040,14074,14300,13578,15312,15778,15112,14303,13972,14608,13091,11755,10102,7991
"Total","Päijät-Häme",5883,6276,7600,7700,8422,8739,8236,8255,5457,6222,6796,5925,5417,5426,5310,5677,6096,6120,5776,5327,5215,4608,4283,3767,3061
"Total","Kymenlaakso",6215,6439,8015,8370,8492,8848,7901,7912,5325,6046,6344,5360,5023,5150,4961,5118,5112,5009,4937,4436,4279,3469,3225,2829,2309
"Total","South Karelia",4426,4669,5386,5576,5863,5897,5584,5714,3703,4303,4761,4200,3795,3723,3376,3737,3688,3814,3559,3105,3233,2562,2432,2233,1778
"Total","South Savo",4181,4574,5490,5758,5874,6265,5874,5725,3997,4538,4926,4426,3869,3888,3691,3785,3768,3852,3572,3153,3046,2439,2455,1988,1641
"Total","North Savo",7313,7741,9289,9442,9778,10478,9748,9806,6911,7641,8347,7511,6561,6919,6271,6767,6951,6802,6839,6391,6494,5116,4994,4393,3607
"Total","North Karelia",4416,4625,5591,6042,6260,6924,6177,6136,4385,5086,5355,4932,4328,4580,4081,4359,4446,4491,4353,4274,4326,3558,3289,3046,2592
"Total","Central Finland",7596,7997,9530,9738,10111,10545,9248,9337,6823,7522,8337,7357,6308,6469,6262,6765,6792,7024,6915,6233,6219,5713,5188,4707,3640
"Total","South Ostrobothnia",6432,7084,8547,8850,9149,9878,9500,9962,7742,8785,10418,10825,10497,10740,11374,11805,11555,12039,12172,11818,11818,8677,7644,6708,5458
"Total","Ostrobothnia",5565,5972,7164,7408,7665,8052,7408,7081,5124,5342,5732,4928,4641,4351,4203,4625,4603,4308,4166,3822,3901,3203,3119,2775,2282
"Total","Central Ostrobothnia",2037,2211,2761,2966,3078,3162,2762,2892,1913,2073,2216,1962,1802,1780,1735,1861,1816,1701,1779,1507,1566,1328,1434,1269,1348
"Total","North Ostrobothnia",11230,11704,15164,15411,16241,16889,15076,14905,10281,10748,11588,10166,9300,9603,9326,10000,10251,10359,10445,9676,9774,8474,8616,7578,6118
"Total","Kainuu",2267,2369,2929,3163,3404,3433,3196,3463,2627,2529,2864,2913,2656,2525,2187,1974,1776,1774,1723,1672,1566,1359,1254,1132,867
"Total","Lapland",6027,6598,7791,8567,9374,9704,9187,9125,6475,7338,7788,7025,6839,6512,6705,7051,7688,7368,8164,6972,7044,7237,6672,5910,4413
"Total","Unknown",2,1,1,0,1,3,5,46,47,21,6,7,18,111,36,44,42,47,87,74,85,110,122,121,132
"Total","Foreign countries",0,0,0,1,2,7,4,97,112,42,14,14,19,16,19,32,46,44,139,118,114,155,218,187,207
